day,avatar-cell href,commit-row-message,commit-row-message href,commit-row-description,,,,,
"15 Jun, 2021",,,,,,,,,
,G,Merge,A,,,,,,
"08 Jun, 2021",,,,,,,,,
,O,Merge,A,,,,,,
"28 May, 2021",,,,,,,,,
,I,MNT-587 Correção bug deslocamento de turnos quando não há primeiro turno,A,,,,,,
"12 May, 2021",,,,,,,,,
,G,Merge,A,,,,,,
"10 May, 2021",,,,,,,,,
,G,Merge,A,,,,,,
"07 May, 2021",,,,,,,,,
,G,Merge,A,,,,,,
"06 May, 2021",,,,,,,,,
,G,em executando producao ao ir para tela de parada pega a data inicio producao como data fim,A,,,,,,
"05 May, 2021",,,,,,,,,
,I,Alteração data do relatório excel considerando timezone,A,,,,,,
"03 May, 2021",,,,,,,,,
,P,Corrigindo bug que fazia o usuário se logar em outra conta,A,,,,,,
"30 Apr, 2021",,,,,,,,,
,G,correção para limpar motivo de parada ao selecionar ou trocar tipo de parada,A,,,,,,
"27 Apr, 2021",,,,,,,,,
,G,Merge,A,,,,,,
"26 Apr, 2021",,,,,,,,,
,G,ordenacao nas acoes selecionadas da transicao e ao selecionar acao remove da...,A,ordenacao nas acoes selecionadas da transicao e ao selecionar acao remove da lista de acoes selecionaveis,,,,,
"23 Apr, 2021",,,,,,,,,
,G,valores zerados e itens vazios,A,,,,,,
"22 Apr, 2021",,,,,,,,,
,P,Adicionando preenchimento automático do campo turma,A,,,,,,
"20 Apr, 2021",,,,,,,,,
,O,Removido o envio de tags desativadas para o front.,A,,,,,,
"19 Apr, 2021",,,,,,,,,
,P,Merge,A,,,,,,
"16 Apr, 2021",,,,,,,,,
,P,Merge,A,,,,,,
"15 Apr, 2021",,,,,,,,,
,G,mensagens para remover notificacao da fila de produzidos,A,,,,,,
"14 Apr, 2021",,,,,,,,,
,G,Preenchimento automático das notificações.,A,,,,,,
"12 Apr, 2021",,,,,,,,,
,G,update MachineHistoric,A,,,,,,
"08 Apr, 2021",,,,,,,,,
,G,Merge,A,,,,,,
"07 Apr, 2021",,,,,,,,,
,G,sem necessidade do botão limpar filtro,A,,,,,,
"30 Mar, 2021",,,,,,,,,
,P,Apagando códigos comentados e limpeza com SonarLint 1,A,,,,,,
"24 Mar, 2021",,,,,,,,,
,P,Corrigindo text overflow dos títulos e desistindo do efeito de marquee,A,,,,,,
"22 Mar, 2021",,,,,,,,,
,P,Alterando campos de detalhes da produção,A,,,,,,
"18 Mar, 2021",,,,,,,,,
,P,Adicionando feedback visual ao campo de seleção de máquina,A,,,,,,
"17 Mar, 2021",,,,,,,,,
,P,Adicionando path no topo de cada página,A,,,,,,
"16 Mar, 2021",,,,,,,,,
,P,Alterando tamanho do toast,A,,,,,,
"15 Mar, 2021",,,,,,,,,
,P,Editando estilo do toast,A,,,,,,
"13 Mar, 2021",,,,,,,,,
,P,Merge,A,,,,,,
"10 Mar, 2021",,,,,,,,,
,G,Merge,A,,,,,,
"09 Mar, 2021",,,,,,,,,
,P,Corrigindo bug visual na barra de progresso,A,,,,,,
"05 Mar, 2021",,,,,,,,,
,G,correcao nova notificacao pelo menu,A,,,,,,
"04 Mar, 2021",,,,,,,,,
,G,Merge,A,,,,,,
"02 Mar, 2021",,,,,,,,,
,G,funcação para ler etiqueta manual,A,,,,,,
"26 Feb, 2021",,,,,,,,,
,P,Corrigindo bug onde edição de defeito não fechava o loader,A,,,,,,
,P,Corrigindo bug onde edição de defeito não fechava o loader,A,,,,,,
"25 Feb, 2021",,,,,,,,,
,P,Merge,A,,,,,,
"24 Feb, 2021",,,,,,,,,
,P,Fazendo lista atualizar para cada maquina selecionada mas exige ativação do filtro,A,,,,,,
"23 Feb, 2021",,,,,,,,,
,P,Adicionando regra para só salvar o log caso haja alteração,A,,,,,,
"22 Feb, 2021",,,,,,,,,
,P,"filtro nas tags, mas ainda com bugs",A,,,,,,
"11 Feb, 2021",,,,,,,,,
,G,Merge,A,,,,,,
"10 Feb, 2021",,,,,,,,,
,P,Adicionando registro de alteração os processos Funções e Transição,A,,,,,,
"09 Feb, 2021",,,,,,,,,
,P,implementando o log de mudanças no frontend nas ações,A,,,,,,
"08 Feb, 2021",,,,,,,,,
,P,Alterando filtro para listagem de alterações,A,,,,,,
"04 Feb, 2021",,,,,,,,,
,P,Adicionando restante dos arquivos da funcionalidade de auditoria,A,,,,,,
"01 Feb, 2021",,,,,,,,,
,P,Adicionando entidades da nova tabela para auditoria dos processos,A,,,,,,
"28 Jan, 2021",,,,,,,,,
,G,limpeza de cache com mqtt para ambiente clusterizado,A,,,,,,
"25 Jan, 2021",,,,,,,,,
,G,informando campos obrigatorios,A,,,,,,
"22 Jan, 2021",,,,,,,,,
,G,Merge,A,,,,,,
"21 Jan, 2021",,,,,,,,,
,P,Corrigindo bugs na etapa 2,A,,,,,,
"20 Jan, 2021",,,,,,,,,
,G,add type aos botões da home-notification para evitar do usuario digitar um...,A,add type aos botões da home-notification para evitar do usuario digitar um termo para pesquisa e apertar enter e ir para a pag de uma nova notificacao,,,,,
"19 Jan, 2021",,,,,,,,,
,G,Merge,A,,,,,,
"19 Jan, 2021",,,,,,,,,
,P,Melhorando a visualização de cada defeito,A,,,,,,
"18 Jan, 2021",,,,,,,,,
,P,Modificando o visual dos botões de navegação quando editando,A,,,,,,
"15 Jan, 2021",,,,,,,,,
,G,Merge,A,,,,,,
"14 Jan, 2021",,,,,,,,,
,P,"Adicionando comportamento ao botão ""ANTERIOR"" de cada etapa",A,,,,,,
"13 Jan, 2021",,,,,,,,,
,P,Adicionando detalhes na etapa de revisão dos defeitos,A,,,,,,
"12 Jan, 2021",,,,,,,,,
,G,Merge,A,,,,,,
"11 Jan, 2021",,,,,,,,,
,P,Correção no load da etapa 7 das notificações.,A,,,,,,
"08 Jan, 2021",,,,,,,,,
,G,Merge,A,,,,,,
"07 Jan, 2021",,,,,,,,,
,P,"Fazendo o upgrade na navegação para a etapa ""Processo""",A,,,,,,
"06 Jan, 2021",,,,,,,,,
,I,Alteração porta da URL engine,A,,,,,,
"05 Jan, 2021",,,,,,,,,
,I,Alteração do SecurityConfig,A,,,,,,
"05 Jan, 2021",,,,,,,,,
,P,Merge,A,,,,,,
"04 Jan, 2021",,,,,,,,,
,G,salvando edicao no SAF,A,,,,,,
"23 Dec, 2020",,,,,,,,,
,G,alterações para edicao notificacao,A,,,,,,
"22 Dec, 2020",,,,,,,,,
,P,Bloqueando campos não editaveis e adicionando informações na revisão,A,,,,,,
"21 Dec, 2020",,,,,,,,,
,G,Merge,A,,,,,,
"18 Dec, 2020",,,,,,,,,
,P,Iniciando API para buscar anexos pelo ID da Notificação,A,,,,,,
"17 Dec, 2020",,,,,,,,,
,P,Adicionando o preenchimento de mais campos pela notificação,A,,,,,,
"16 Dec, 2020",,,,,,,,,
,P,Preenchendo campos da primeria etapa e iniciando a segunda e terceira,A,,,,,,
"14 Dec, 2020",,,,,,,,,
,P,Começo do preenchimento dos campos para edição,A,,,,,,
"11 Dec, 2020",,,,,,,,,
,P,Conectando Front-end para fazer as requisições,A,,,,,,
"07 Dec, 2020",,,,,,,,,
,G,altera o primeito item da fila para status PENDING,A,,,,,,
"03 Dec, 2020",,,,,,,,,
,G,alteracao para exibição de colunas,A,,,,,,
"30 Nov, 2020",,,,,,,,,
,G,salvar notificacao em historico,A,,,,,,
"27 Nov, 2020",,,,,,,,,
,P,Merge,A,,,,,,
"25 Nov, 2020",,,,,,,,,
,G,TYPE and NOTIFICATION_NUMBER,A,,,,,,
"24 Nov, 2020",,,,,,,,,
,G,salva notificacao no historico,A,,,,,,
"23 Nov, 2020",,,,,,,,,
,P,Corrigindo bug que permitia escolher maquina antes da operação,A,,,,,,
"20 Nov, 2020",,,,,,,,,
,P,Merge,A,,,,,,
"20 Nov, 2020",,,,,,,,,
,G,Merge,A,,,,,,
"19 Nov, 2020",,,,,,,,,
,G,correcao Titulo da modal de Notificação,A,,,,,,
"18 Nov, 2020",,,,,,,,,
,G,adicionadas regras dos campos perdas,A,adicionado campo quantidade perdida em ConsolidatedTimeLine caso valor nao seja null utiliza-o para gerar relatorio caso seja null busca na api SAF,,,,,
"16 Nov, 2020",,,,,,,,,
,P,Fix: Anexos agora são removidos quando notificação reseta,A,,,,,,
"13 Nov, 2020",,,,,,,,,
,G,disable autocomplete controle de recursos,A,"Ao atualizar a receita e cancelar, não Mantem o valor editado;",,,,,
"12 Nov, 2020",,,,,,,,,
,P,Corrigindo remoção de foco dos campos (issues/134),A,,,,,,
"11 Nov, 2020",,,,,,,,,
,P,Removendo referência a produção após reset da notificação,A,,,,,,
"10 Nov, 2020",,,,,,,,,
,G,Merge,A,,,,,,
"09 Nov, 2020",,,,,,,,,
,G,enviando nome do usuario na leitura da etiqueta para depois salvar no...,A,enviando nome do usuario na leitura da etiqueta para depois salvar no apontamento automatizado empacotadoras,,,,,
"06 Nov, 2020",,,,,,,,,
,G,Subtask de 102 - Notificação de subitem exibiu campo repetido para preenchimento,A,,,,,,
"05 Nov, 2020",,,,,,,,,
,P,Corrigindo bug que prendia o navegador na página de notificação,A,,,,,,
"04 Nov, 2020",,,,,,,,,
,P,Resolvendo mini problema (issues/126),A,,,,,,
"03 Nov, 2020",,,,,,,,,
,P,Arrumando revisão para suportar tradução e Arrumando identificação do passo 2 (issues/139),A,,,,,,
"30 Oct, 2020",,,,,,,,,
,P,Colocando validação condicional no campo turma (issues/124),A,,,,,,
"29 Oct, 2020",,,,,,,,,
,P,Alterando visual dos diálogos de confirmação,A,,,,,,
"28 Oct, 2020",,,,,,,,,
,P,Corrigindo bug visual na etapa de ações (issues/131),A,,,,,,
"27 Oct, 2020",,,,,,,,,
,P,Adicionando diálogo de confirmação para finalizar e resetar notificação,A,,,,,,
"26 Oct, 2020",,,,,,,,,
,P,Adicionando opção de reset de notificação,A,,,,,,
"23 Oct, 2020",,,,,,,,,
,P,"Ajustando campos da Revisão, Exibindo lances como chips e fechando diálogo...",A,"Ajustando campos da Revisão, Exibindo lances como chips e fechando diálogo após envio de notificação",,,,,
"22 Oct, 2020",,,,,,,,,
,P,Merge,A,,,,,,
"21 Oct, 2020",,,,,,,,,
,P,homogeneização de autocompletes,A,,,,,,
"20 Oct, 2020",,,,,,,,,
,P,Merge,A,,,,,,
"19 Oct, 2020",,,,,,,,,
,P,Merge,A,,,,,,
"14 Oct, 2020",,,,,,,,,
,P,Imprimindo na tela os dados sem tratamento,A,,,,,,
"13 Oct, 2020",,,,,,,,,
,G,adicionado translate e labels em espanhol,A,,,,,,
"09 Oct, 2020",,,,,,,,,
,P,Adicionando pequenas alterações no componente de revisão,A,,,,,,
"08 Oct, 2020",,,,,,,,,
,P,Melhorando o design do modal de defeitos e outras alterações,A,,,,,,
"07 Oct, 2020",,,,,,,,,
,P,Aplicando o design ao modal de defeitos,A,,,,,,
"06 Oct, 2020",,,,,,,,,
,P,Ajustando botão da lista de defeitos,A,,,,,,
"05 Oct, 2020",,,,,,,,,
,P,Merge,A,,,,,,
"02 Oct, 2020",,,,,,,,,
,P,Alterando design da tela de identificadores de lote,A,,,,,,
"01 Oct, 2020",,,,,,,,,
,P,Adicionando estilos em todas as etapas,A,,,,,,
"30 Sep, 2020",,,,,,,,,
,P,Arumando o uso de margin-bottom,A,,,,,,
"29 Sep, 2020",,,,,,,,,
,G,tela de producao to notificacao e remocao de formulario reativo,A,,,,,,
"28 Sep, 2020",,,,,,,,,
,P,Iniciando implementação do design,A,,,,,,
"25 Sep, 2020",,,,,,,,,
,P,Fazendo pequenos ajustes visuais e adicionando validação da etapa de perdas,A,,,,,,
"24 Sep, 2020",,,,,,,,,
,P,Adicionando listagem e remoção de defeitos,A,,,,,,
"23 Sep, 2020",,,,,,,,,
,P,Etapas separadas funcionando,A,,,,,,
"21 Sep, 2020",,,,,,,,,
,G,"add distinctUntilChanged, add tipos de parametros defeitos , getDynamicListing...",A,"add distinctUntilChanged, add tipos de parametros defeitos , getDynamicListing valores para campos com consulta dos defeitos",,,,,
"18 Sep, 2020",,,,,,,,,
,G,loader defeito e url saf,A,,,,,,
"17 Sep, 2020",,,,,,,,,
,G,"selecao de lances, fibras, tubos, ordem e cor",A,,,,,,
"16 Sep, 2020",,,,,,,,,
,P,Adicionando passos e conectando um com as APIs,A,,,,,,
"15 Sep, 2020",,,,,,,,,
,P,Adicionando as bases de alguns passos da tela de notificação,A,,,,,,
"14 Sep, 2020",,,,,,,,,
,G,inicio de formulario com etapas para notificacao,A,,,,,,
"11 Sep, 2020",,,,,,,,,
,P,Iniciando a estrutura da tela,A,,,,,,
"10 Sep, 2020",,,,,,,,,
,P,Adicionando acesso via menu lateral,A,,,,,,
"09 Sep, 2020",,,,,,,,,
,P,Adicionando alerta pensonalizado dentro da janela de detalhes,A,,,,,,
"04 Sep, 2020",,,,,,,,,
,P,Aprimorando mensagem de erro,A,,,,,,
"03 Sep, 2020",,,,,,,,,
,P,Botoes do componente extraidos para componente pai,A,,,,,,
"02 Sep, 2020",,,,,,,,,
,P,Alterando a tela 'Historico' para utilizar o componente de selecao de maquinas,A,,,,,,
"01 Sep, 2020",,,,,,,,,
,P,Pequena melhoria na iteracao pelas maquinas,A,,,,,,
"28 Aug, 2020",,,,,,,,,
,P,Ajustando estilos,A,,,,,,
"27 Aug, 2020",,,,,,,,,
,P,"primeiras alteracoes na tela, faltando configurar",A,,,,,,
"26 Aug, 2020",,,,,,,,,
,L,MNT-95,A,,,,,,
"19 Aug, 2020",,,,,,,,,
,G,aumentando tempo de msg padrao para 5s,A,,,,,,
"18 Aug, 2020",,,,,,,,,
,G,Merge,A,,,,,,
"14 Aug, 2020",,,,,,,,,
,O,Correção,A,""" Cannot read property 'unsubscribe' of undefined""",,,,,
"13 Aug, 2020",,,,,,,,,
,L,INC20206954309: Não está ordenando as paradas.,A,,,,,,
"12 Aug, 2020",,,,,,,,,
,G,melhoria layout,A,,,,,,
"11 Aug, 2020",,,,,,,,,
,O,Correção ao para fechar SSE.,A,,,,,,
"10 Aug, 2020",,,,,,,,,
,O,Outras molhorias.,A,"- Reconexão no MQTT ao mudar de tópico;
- Melhoria de algoritmo para renderizar valores alterados.
- Upgrade da versão do MQTT;",,,,,
"06 Aug, 2020",,,,,,,,,
,G,login qrcode como password,A,,,,,,
"05 Aug, 2020",,,,,,,,,
,G,campos dinamicos para historico,A,,,,,,
"04 Aug, 2020",,,,,,,,,
,O,Implementação de cache para validações de Setup-Machine,,"Aug 03, 2020",,,,,
"03 Aug, 2020",,,,,,,,,
,G,Merge,A,,,,,,
"31 Jul, 2020",,,,,,,,,
,G,correcoes autocomplete timeline,A,,,,,,
"30 Jul, 2020",,,,,,,,,
,G,Merge,A,,,,,,
"29 Jul, 2020",,,,,,,,,
,G,Merge,A,,,,,,
"28 Jul, 2020",,,,,,,,,
,G,alteraçoes na tabela timeline,A,,,,,,
"27 Jul, 2020",,,,,,,,,
,O,Alteração para execução dos scripts direto por injeção de independencia ao...,A,Alteração para execução dos scripts direto por injeção de independencia ao invés de usar Java Reflection.,,,,,
"24 Jul, 2020",,,,,,,,,
,O,Adiciona função para retornar o tamanho da fila de produção.,A,INC20206932709 Apontamento de parada após 00:00,,,,,
"23 Jul, 2020",,,,,,,,,
,G,"dialog para campos tipo TEXT, NUMBER, DECIMAL",A,,,,,,
"22 Jul, 2020",,,,,,,,,
,G,nova tela de controle de recursos,A,,,,,,
"20 Jul, 2020",,,,,,,,,
,G,removendo campos  de idSafMachine e impressora para maquinas abstratas em edição,A,,,,,,
"16 Jul, 2020",,,,,,,,,
,G,INC20206848058: editar apontamentos após a 00:00h,A,"-Botão voltar
          -Botão de funcoes do lado esquerdo
          -filtra por data desc",,,,,
"15 Jul, 2020",,,,,,,,,
,G,Merge,A,,,,,,
"14 Jul, 2020",,,,,,,,,
,G,funcoes historic,A,Adicionada funcionalidade para buscar funções no histórico,,,,,
"08 Jul, 2020",,,,,,,,,
,G,correcao toast,A,,,,,,
"07 Jul, 2020",,,,,,,,,
,O,Correção integração OEE - PowerBI,A,,,,,,
"03 Jul, 2020",,,,,,,,,
,G,Merge,A,,,,,,
"01 Jul, 2020",,,,,,,,,
,O,Desabilitar tab da leitura de etiqueta.,A,"placeholder;
          removido codigo comentado;
          aumento texto mensagem toast;
          funcao para selecionar primeira parada, iguais para timeline e consolidated;",,,,,
"30 Jun, 2020",,,,,,,,,
,G,toast,A,,,,,,
"29 Jun, 2020",,,,,,,,,
,O,Correção Tags compostas,A,,,,,,
"26 Jun, 2020",,,,,,,,,
,G,correção limite de caracteres front,A,,,,,,
"25 Jun, 2020",,,,,,,,,
,G,Permitir campos não obrigatórios.,A,,,,,,
"24 Jun, 2020",,,,,,,,,
,G,Merge,A,,,,,,
"22 Jun, 2020",,,,,,,,,
,O,date time na lista de itens produzidos.,A,,,,,,
"19 Jun, 2020",,,,,,,,,
,O,ALterada porta de desenvolvimento para 8029.,A,,,,,,
"18 Jun, 2020",,,,,,,,,
,O,Menu de funções,A,,,,,,
"17 Jun, 2020",,,,,,,,,
,G,Merge,A,,,,,,
"16 Jun, 2020",,,,,,,,,
,O,Correções para incluir tipos teste e rebobinamento,A,Correção dos tipos de campos ao concluir uma produção.,,,,,
"15 Jun, 2020",,,,,,,,,
,O,Removendo comentários.,A,,,,,,
"10 Jun, 2020",,,,,,,,,
,O,Correções para prefixo com ou sem ponto no final.,A,,,,,,
"09 Jun, 2020",,,,,,,,,
,O,Correção de Machine Tag,A,"Correção do loader;
Aumento da quantidade de caracteres em uma expressão nas TAGs;",,,,,
"08 Jun, 2020",,,,,,,,,
,G,Merge,A,,,,,,
"05 Jun, 2020",,,,,,,,,
,O,Mudanã da porta do weblogic de desenvolvimento.,A,,,,,,
"04 Jun, 2020",,,,,,,,,
,G,adiciona o username ao obj producao para depois salvar no historico,A,,,,,,
"03 Jun, 2020",,,,,,,,,
,O,Adicionada flag para habilitar/desabilitar impressão de etiqueta.,A,,,,,,
,G,add campos label e functionType em ProcessFunction,A,,,,,,
,O,Adicionada API para listar métodos que devem ser apresentados na interface.,A,,,,,,
,G,Merge,A,,,,,,
,G,correcao para arquivos es,A,,,,,,
,G,alterações para possivel correção zoom timeline,A,,,,,,
,G,ajuste historico e botao em tela de producao para historico,A,,,,,,
,O,Merge,A,,,,,,
,O,Merge,A,,,,,,
,O,Adicionado spring Actuator e Prometheus,A,,,,,,
,O,Correção tela inicial,A,,,,,,
,O,Correção turno ao criar consolidado,A,,,,,,
,O,Descrição em Valor do filtro para Receitas.,A,"Msg ao dar erro para impressão de etiquetas.
Mudança de debug para trace dos logs que o processo não mudou",,,,,
,C,correção de chamada de função inexistente,A,,,,,,
,C,edição somente no dia atual ou anterior,A,,,,,,
,G,reduzido numero de requisições para o servidor ao selecionar varias maquinas,A,,,,,,
,C,processState correction,A,,,,,,
,C,datapicker on timeline,A,,,,,,
,C,"blinking processStatus on ""/producao""",A,,,,,,
,G,Merge,A,,,,,,
,O,Merge,A,,,,,,
,G,Merge,A,,,,,,
,C,statusType correction,A,,,,,,
,C,bug correction,A,,,,,,
,G,api para retornar ultimo apontamento a partir do id da maquina e turno atual,A,,,,,,
,G,Correção Linha do tempo consolidada no terceiro turno,A,,,,,,
,C,Color state on process (wip),A,,,,,,
,C,Box dialog green,A,,,,,,
,C,Atualizando css nos botões + modal pages/produção,A,,,,,,
,G,retorna todos os turnos conforme data selecionada,A,,,,,,
,O,Correção OeeReport.,A,,,,,,
,O,Alteração para subir a aplicação sem validação de e-mail,A,,,,,,
,O,Correções HML 2,A,,,,,,
,G,Merge,A,,,,,,
,O,Merge,A,,,,,,
,O,Merge,A,,,,,,
,C,Work in progress - internacionalização usando thymeleaf,A,,,,,,
,G,correções consolidated,A,,,,,,
,C,minor correction,A,,,,,,
,C,Alertas ui update,A,,,,,,
,C,Alertas ui update wip,A,correção turno consolidated,,,,,
,C,updating alertas ui,A,,,,,,
,C,recovering lost modal,A,,,,,,
,C,Minor correction,A,,,,,,
,O,Merge,A,,,,,,
,O,Correcoes mascaras.,A,"placeholders nos campos de dados de producao consolidated
mask para lote, producao e fibra",,,,,
,G,correcao ao clicar em alterar maquina e carregar informacoes conforme o dia selecionado,A,,,,,,
,G,"busca apos selecionar data, mantem grupo de maquinas mesmo ao trocar de pagina",A,,,,,,
,O,Desconsiderado estorno no calculo do OEE.,A,,,,,,
,O,Adicionado TRIM para evitar erro ao recupear velocidade programada.,A,,,,,,
,C,bug encontrado em teste,A,,,,,,
,O,Alterado botoes para relatórios.,A,@types/d3 contém as classes TypeScript correspondentes para objetos d3.,,,,,
,O,Implementado calculo teep,A,Implementada flag de estorno.,,,,,
,C,Calcular OOE correção + correções de tradução,A,,,,,,
,E,Alteração timeline OEE,A,,,,,,
,O,Correç~~ao tela inicial e correção loader,A,,,,,,
,O,Adicionada data de inicio e fim no relatório de OEE,A,,,,,,
,C,"Alterando ""Calcular OEE"" UI modal",A,,,,,,
,O,Correção SSE,A,,,,,,
,C,"adicao da tab de motivos de parada em alertas, adicao de grupos em maquinas e pesquisa",A,,,,,,
,C,correação de bugs detectados em testes,A,,,,,,
,C,"inclusao de novos mapeamentos, alteracao de telas, e crud",A,"Incluindo Diário, Semanal e Mensal",,,,,
,G,"create, edit MachineTimeLine e create ConsolidatedTimeLine mais mudancas linha do tempo",A,,,,,,
,O,Correções relatórios.,A,,,,,,
,G,alteracoes para salvar consolidated,A,,,,,,
,C,correação de bug de ambiguidade do modelmapper,A,,,,,,
,G,nova versao da timeline,A,,,,,,
,O,Correção delete em ConsolidatedTimeLine,A,,,,,,
,O,Alteração para considerar hora no relatório diário.,A,,,,,,
,O,Correções para compilar,A,,,,,,
,C,alteracao de relatorio para multilinguagem,A,,,,,,
,C,altercoes de layout e campos preenchidos,A,,,,,,
,O,Merge,A,,,,,,
,O,Merge,A,,,,,,
,O,Mudança na POI,A,OEE Indicator,,,,,
,G,selecionar o tempo na timeLine,A,,,,,,
,J,reportGroupFilter.entity.ts,A,,,,,,
,C,Merge,A,,,,,,
,O,Merge,A,,,,,,
,O,Correção da consolidação e adicionado entidades para armazenar indicadores do OEE.,A,,,,,,
,O,Correções para versão de produção.,A,,,,,,
,O,Correções ao distribuir produção entre turnos.,A,,,,,,
,O,Adicionada função para quebrar parada de máquina em vários turnos.,A,,mailto:cristian.przepiura@cits.br,,,,
,O,Consolidação da linha do tempo para relatório.,A,,,,,,
,J,Edição de template XML,A,"Apontamento Relacionado

Produção

Velocidade

Lote

Lance

Fibra

Tubo",,,,,
,O,Merge,A,,,,,,
,J,XML machine list,A,"remacao da validacao de nomes duplicados em tipo parada. correcao bug jornada salva,limite de 50 caracteres para campos input",,,,,
,C,"alteracao para remover am pm de hora, e corrigir bug reportado pelo fernando",A,,,,,,
,C,remocão da validaçao turma obrigatorio,A,,,,,,
,O,Merge,A,,,,,,
,O,Merge,A,,,,,,
,O,Alteração no caminho das imagens de idiomas.,A,Seleção de idiomas.,,,,,
,O,Merge,A,,,,,,
,C,Merge,A,,,,,,
,J,ajuste cadastro maq abstrata,A,,,,,,
,O,Upgrade parte 5,,1 year ago,2137934f,[object Object],https://gitlab.cits.br/furukawa/ics/ics/-/tree/2137934f4e98595544da53b0c7e91b2f794af620,Carlos Markowicz,mailto:carlos.markowicz.ext@cits.br
,O,Permissões de acesso para o OEE.,A,,,,,,
,G,consumindo turno Timeline e adicionando turma no cadastro de parada,A,,,,,,
,G,Alterações para enviar Turno para SAF,A,,,,,,
,G,Merge,A,,,,,,
,C,novas alterações,A,,,,,,
,G,Merge,A,,,,,,
,C,novo servico de consulta de turno,A,,,,,,
,G,mostrar tempo em abertos,A,,,,,,
,G,novas alterações timeline,A,,,,,,
,C,novas alterações,A,,,,,,
,C,alterações jornada-turma,A,,,,,,
,C,jornada maquina alterado,A,,,,,,
,C,novas alteraçẽos,A,,,,,,
,G,renomeando variavel Duracao,A,,,,,,
,C,versao inicial,A,,,,,,
,G,selects timeLine,A,,,,,,
,O,Implementado valor padrão das tags para a Engine,A,Ordenação dos recursos de um processo.,,,,,
,O,Correção scripts de deploy após mudanças de pasta.,A,,,,,,
,E,Destaque menu selecionado,A,,,,,,
,J,Melhorias notificação machine-historic,A,"AFB-70
AFB-71",,,,,
,J,Reset formulario caso mudança de maquina em receita,A,,,,,,
,O,Dialog de confirmação  para excluir valores de filtros de receita.,A,,,,,,
,O,Correção ao buscar receitas.,A,,,,,,
,J,Merge,A,,,,,,
,O,Merge,A,,,,,,
,O,Merge,A,,,,,,
,O,Merge,A,,,,,,
,J,Correção AFB-66,A,,,,,,
,C,Merge,A,,,,,,
,O,MachineHistoricView,A,,,,,,
,C,paginação dos serviços de consulta,A,,,,,,
,J,Filtro de busca dashboard backend,A,,,,,,
,O,Merge,A,,,,,,
,C,alterando tabelas para outro componente,A,,,,,,
,E,Merge,A,,,,,,
,C,correção de mensagem,A,,,,,,
,C,correçao de bug,A,,,,,,
,O,Merge,A,,,,,,
,O,Melhoria para gerar exception no interceptor do jwt quando ocorre erro 500.,A,Está comentada para teste posterior.,,,,,
,C,novas alterações,A,,,,,,
,C,remoçaõ dados local,A,,,,,,
,C,novas alteraçoes,A,,,,,,
,C,alteracoes,A,,,,,,
,G,GetMachineTimeLineById e deleteMachineTimeLineById,A,,,,,,
,J,Merge,A,,,,,,
,O,Merge,A,,,,,,
,G,MachineStop classes,A,,,,,,
,J,"Correções: AFB-45, AFB46, AFB-48.",A,,,,,,
,J,atualizar processo dentro de maquina,A,,,,,,
,J,Ajustes botao maquina,A,,,,,,
,O,Mudança em processos para distribuição de LPN.,A,,,,,,
,O,Uso da API para funcionalidade para distribuição de bobinas.,A,"Controle de exceção ao não encontrar uma chave no repositório.
Autorização por jwt em RestSService.",,,,,
,C,novas alterações,A,,,,,,
,O,Merge,A,,,,,,
,J,Lista maquina/processo,A,,,,,,
,O,Organização código.,A,,,,,,
,J,Merge,A,,,,,,
,O,Merge,A,,,,,,
,J,Merge,A,,,,,,
,O,Correções gerais.,A,,,,,,
,O,Merge,A,,,,,,
,E,OEE interface UI,A,,,,,,
,J,Habilitar e Desabilitar TAG,A,,,,,,
,J,CRUD machine version,A,,,,,,
,E,Correçao tabela Processos Transicao,A,,,,,,
,O,Desenv. tela de processo,,1 year ago,,,,,
,J,Merge,A,,,,,,
,O,Alteração tela processo.,A,"Refatoração para Máquina retornar um DTO
Seleção de máquina na interface.
Formatação de números.",,,,,
,O,Desenv. tela de processo,,1 year ago,mailto:cristian.przepiura@gmail.com,,,,
,O,Desenv. tela processo.,A,,,,,,
,J,Merge,A,,,,,,
,O,Merge,A,,,,,,
,O,Desenvolvimento da tela de processo.,A,,,,,,
,O,Merge,A,,,,,,
,J,TAG MAQUINA,A,,,,,,
,J,Ajuste tela maquina e CRUD maquinas refatorado.,A,,,,,,
,O,Correção login.,A,,,,,,
,O,Dev. pesquisa por produto em receita.,A,,,,,,
,O,Desenv. Receita.,A,"Regra para não conter espaço nos campos prefix e topic.

Bloqueio para edição e deletar maquina caso status = ativo",,,,,
,E,conflito routing.module,A,,,,,,
,O,Correções tela de filtros,A,,,,,,
,J,melhoria listagem maquinas,A,,,,,,
,O,Correção tela de receita.,A,,,,,,
,J,salvar maquina back end.,A,,,,,,
,O,Testes unitários para Machine Version,A,Desenv. API Machine Version,,,,,
,O,Desenv. Receita,A,,,,,,
,O,Desenv. Receita,A,,,,,,
,J,CRUD canal,A,,,,,,
,J,Merge,A,,,,,,
,O,Desenv. Receita,A,,,,,,
,O,Desenv. Receita.,A,,,,,,
,O,Merge,A,,,,,,
,E,Inserçao nova mat-tree maquina + cursor pointer,A,,,,,,
,O,Merge,A,,,,,,
,O,Implementada alterações para Resource.,A,,,,,,
,O,ALterações para geração de build.,A,,,,,,
,O,Alterações para build via maven.,A,,,,,,
,J,Merge,A,,,,,,
,J,Merge,A,,,,,,
,O,Execução de queries pré programadas.,A,,,,,,
,J,Login com Token salvo.,A,,,,,,
,O,Comunicação com SAF.,A,,,,,,
,J,Tela de login com autorizacao e toke. Proxy configurado proxy.config.js para...,A,"Tela de login com autorizacao e toke. Proxy configurado proxy.config.js para retirar conflito com o CORS

Signed-off-by: cristian przepiura",,,,,
,O,Adicionada máscaras nos inputs da fila de produção.,A,,,,,,
,E,ajuste progress bar,A,,,,,,
,O,Merge,A,,,,,,
,E,Ajuste btn 1024,A,,,,,,
,E,Ajuste descricao do elemento,A,,,,,,
,O,Preparação para ambiente de producao.,A,,,,,,
,O,Ajustes processo.,A,,,,,,
,E,Merge,A,,,,,,
,O,Implementação da visualização dos valores recebidos do CLP.,A,,,,,,
,O,Merge,A,,,,,,
,O,Desenv da fila de produção.,A,,,,,,
,E,"Ajustes tela de produção, modal, codigo de barras e cores do box",A,,,,,,
,O,Merge,A,,,,,,
,E,Merge,A,,,,,,
,O,Merge,A,,,,,,
,O,Implementando tela de produção.,A,,,,,,
,O,Merge,A,,,,,,
,E,"Inserção component snack, dialog e tela de receita mais extras",A,,,,,,
,E,"Tela de Maquina, organização de menu e pastas",A,,,,,,
,E,Tela de Maquina,A,,,,,,
,E,Merge,A,,,,,,
,O,Integração Processo Web-Engine,A,,,,,,
,E,Layout,A,,,,,,
,E,Commit novas telas + layout menu lateral,A,,,,,,
,O,Mudança do datasource.,A,,,,,,
,E,Inserção do front Material Angular,A,,,,,,
,O,Implementação da Execução de SQL via Script.,A,"Testes com SQL

Melhorias no acesso ao repositório.",,,,,
,O,Correção nos niveis de logs,A,Implementações e tratamentos no Processo Fastbox.,,,,,
,O,Correções e melhorias referentes ao concluir um item.,A,,,,,,
,O,Melhorias no processo de acordo com os testes realizados com simulador,,2 years ago,,,,,
,O,"Execução de ações a partir de scripts via Nashorn (Get, Post, Mqtt, ...).",A,,,,,,
,O,Alterações Prova de conceito MQTT e Rest,A,"Logs
Tags IotGateway",,,,,
,O,Implementação da execução periodica.,A,"Criado serviço para incluir vários processos
Criado processo especifico para Fastbox.",,,,,
,O,Desenvolvimento para maquina de estado Fastbox,A,,,,,,
,O,IC-mqtt first commit.,A,,,,,,
"31 May, 2021",,,,,,,,,
,D,Merge,F,,,,,,
"26 May, 2021",,,,,,,,,
,D,fixes liberar device,F,,,,,,
"25 May, 2021",,,,,,,,,
,D,list perda fixes,F,,,,,,
"21 May, 2021",,,,,,,,,
,D,report fixes,F,,,,,,
"19 May, 2021",,,,,,,,,
,D,report,F,,,,,,
"17 May, 2021",,,,,,,,,
,D,reports,F,,,,,,
"13 May, 2021",,,,,,,,,
,D,reports,F,,,,,,
,D,saic reports,F,,,,,,
"26 Apr, 2021",,,,,,,,,
,D,fixes,F,,,,,,
"22 Apr, 2021",,,,,,,,,
,D,ordenacao fixes,F,,,,,,
"20 Apr, 2021",,,,,,,,,
,D,Merge,F,,,,,,
"19 Apr, 2021",,,,,,,,,
,H,fixes remove dev_flk_agente ao alterar gpib para tcp,F,,,,,,
"03 Apr, 2021",,,,,,,,,
,B,Correção agente_fluke nulo em teste,F,,,,,,
"01 Apr, 2021",,,,,,,,,
,D,fixes,F,,,,,,
"29 Mar, 2021",,,,,,,,,
,D,fixes,F,,,,,,
"26 Mar, 2021",,,,,,,,,
,B,Redução tempo agente indisponível + Correção update de firmware em execução,F,,,,,,
"24 Mar, 2021",,,,,,,,,
,D,retest fixes,F,,,,,,
"23 Mar, 2021",,,,,,,,,
,D,fixes,F,,,,,,
,D,retest,F,,,,,,
"21 Mar, 2021",,,,,,,,,
,D,retest,F,,,,,,
"19 Mar, 2021",,,,,,,,,
,D,retest,F,,,,,,
,D,retest fixes,F,,,,,,
"18 Mar, 2021",,,,,,,,,
,D,reteste fixes,F,,,,,,
"16 Mar, 2021",,,,,,,,,
,H,fixes,F,,,,,,
"15 Mar, 2021",,,,,,,,,
,D,Merge,F,,,,,,
"11 Mar, 2021",,,,,,,,,
,H,fixes,F,,,,,,
"08 Mar, 2021",,,,,,,,,
,D,etiqueta fixes,F,,,,,,
"03 Mar, 2021",,,,,,,,,
,D,fixes,F,,,,,,
,D,more options filter fixes,F,,,,,,
"26 Feb, 2021",,,,,,,,,
,B,Correção seleção de equipamento em cache,F,,,,,,
"25 Feb, 2021",,,,,,,,,
,H,fixes,F,,,,,,
"18 Feb, 2021",,,,,,,,,
,H,Merge,F,,,,,,
"15 Feb, 2021",,,,,,,,,
,D,retest,F,,,,,,
"12 Feb, 2021",,,,,,,,,
,D,Merge,F,,,,,,
"11 Feb, 2021",,,,,,,,,
,H,Refactor: Fixes ngModel to formControl,F,,,,,,
"09 Feb, 2021",,,,,,,,,
,B,Desvincular agente de equip TCP sem uso,F,,,,,,
"05 Feb, 2021",,,,,,,,,
,H,Refactor: Filtro agente ativo,F,,,,,,
,H,Refactor: Filter Agente,F,,,,,,
"02 Feb, 2021",,,,,,,,,
,H,Refactor: Novo campo para contagem de usuarios utilizando o agente,F,,,,,,
"29 Jan, 2021",,,,,,,,,
,H,Refactor: Save enderecos de agentes,F,,,,,,
"27 Jan, 2021",,,,,,,,,
,H,fix dep JDBC,F,,,,,,
"25 Jan, 2021",,,,,,,,,
,D,Merge,F,,,,,,
"21 Jan, 2021",,,,,,,,,
,O,Teste ojdbc8,F,,,,,,
,H,fixes,F,,,,,,
,H,Refactor: Importacao status,F,,,,,,
,H,fixes,F,,,,,,
"12 Jan, 2021",,,,,,,,,
,H,Refactor: gerar relatorio,F,,,,,,
,D,Merge,F,,,,,,
"08 Jan, 2021",,,,,,,,,
,H,Refactor: Ajuste no path do manual,F,,,,,,
"06 Jan, 2021",,,,,,,,,
,H,Refactor: profiles,F,,,,,,
"05 Jan, 2021",,,,,,,,,
,H,Fixes pull origin release,F,,,,,,
"22 Dec, 2020",,,,,,,,,
,D,fixes,F,,,,,,
"21 Dec, 2020",,,,,,,,,
,H,fixes,F,,,,,,
"21 Dec, 2020",,,,,,,,,
,H,Merge,F,,,,,,
,H,Fixes: Import planilha de testes,F,,,,,,
"15 Dec, 2020",,,,,,,,,
,H,Refactor: Script,F,,,,,,
"14 Dec, 2020",,,,,,,,,
,D,bug fixes,F,,,,,,
"13 Dec, 2020",,,,,,,,,
,D,bug fixes,F,,,,,,
"10 Dec, 2020",,,,,,,,,
,H,Refactor: Nova branch com as configs tomcat,F,,,,,,
"04 Dec, 2020",,,,,,,,,
,D,bug fixes,F,,,,,,
"03 Dec, 2020",,,,,,,,,
,D,fixes,F,,,,,,
"02 Dec, 2020",,,,,,,,,
,D,bug fixes,F,,,,,,
"01 Dec, 2020",,,,,,,,,
,D,bug fixes,F,,,,,,
"23 Nov, 2020",,,,,,,,,
,D,Merge,F,,,,,,
"19 Nov, 2020",,,,,,,,,
,D,Merge,F,,,,,,
"18 Nov, 2020",,,,,,,,,
,D,Merge,F,,,,,,
"17 Nov, 2020",,,,,,,,,
,D,Merge,F,,,,,,
"15 Nov, 2020",,,,,,,,,
,D,Merge,F,,,,,,
"12 Nov, 2020",,,,,,,,,
,D,Merge,F,,,,,,
,D,Merge,F,,,,,,
"09 Nov, 2020",,,,,,,,,
,D,Merge,F,,,,,,
"03 Nov, 2020",,,,,,,,,
,H,Refactor: Component,F,,,,,,
"30 Oct, 2020",,,,,,,,,
,D,Merge,F,,,,,,
"29 Oct, 2020",,,,,,,,,
,B,Merge,F,,,,,,
,D,Merge,F,,,,,,
"26 Oct, 2020",,,,,,,,,
,D,Merge,F,,,,,,
"23 Oct, 2020",,,,,,,,,
,B,Correção seleção de IP do agente,F,,,,,,
"23 Oct, 2020",,,,,,,,,
,D,Merge,F,,,,,,
,D,Merge,F,,,,,,
"20 Oct, 2020",,,,,,,,,
,D,Merge,F,,,,,,
"19 Oct, 2020",,,,,,,,,
,D,Merge,F,,,,,,
"16 Oct, 2020",,,,,,,,,
,B,Calibração + Report Posição fila,F,,,,,,
"15 Oct, 2020",,,,,,,,,
,B,Execução de teste com fila + init Report posição,F,,,,,,
,B,Item 1 - Identificar numero de OPMs,F,,,,,,
"13 Oct, 2020",,,,,,,,,
,D,Merge,F,,,,,,
"13 Oct, 2020",,,,,,,,,
,D,qrcode access,F,,,,,,
"12 Oct, 2020",,,,,,,,,
,D,Merge,F,,,,,,
"09 Oct, 2020",,,,,,,,,
,D,Merge,F,,,,,,
"06 Oct, 2020",,,,,,,,,
,D,Merge,F,,,,,,
"16 Sep, 2020",,,,,,,,,
,B,Merge,F,,,,,,
,B,Correção cadastro fluke,F,,,,,,
,D,Merge,F,,,,,,
,D,Merge,F,,,,,,
,D,Merge,F,,,,,,
,D,Merge,F,,,,,,
,B,Cor de toggle,F,,,,,,
,B,Correção save device,F,,,,,,
,B,Correção estado ativo devices TCPIP,F,,,,,,
,D,fixes,F,,,,,,
,B,Livemode por equipamento,F,,,,,,
,D,Merge,F,,,,,,
,D,Merge,F,,,,,,
,D,Merge,F,,,,,,
,D,Merge,F,,,,,,
,B,Escoder 'comunicação' quando equipamento é TCPIP,F,,,,,,
,B,Porta dinâmica de livemode,F,,,,,,
,B,Vincular todos os equipamentos a agentes fluke,F,,,,,,
,B,Cadastro de equipamentos TCP/IP,F,,,,,,
,D,fixes,F,,,,,,
,D,fixes,F,,,,,,
,D,fixes,F,,,,,,
,D,Merge,F,,,,,,
,D,Merge,F,,,,,,
,O,Merge,F,,,,,,
,O,Merge,F,,,,,,
,D,fixes,F,,,,,,
,D,fixes,F,,,,,,
,D,fixes,F,,,,,,
,D,fixes,F,,,,,,
,D,fixes,F,,,,,,
,D,fixes,F,,,,,,
,D,Merge,F,,,,,,
,D,fixes,F,,,,,,
,D,fixes,F,,,,,,
,D,fixes,F,,,,,,
,D,fixes,F,,,,,,
,D,fixes,F,,,,,,
,D,fixes,F,,,,,,
,D,Merge,F,,,,,,
,D,Merge,F,,,,,,
,D,Merge,F,,,,,,
,L,Merge,F,,,,,,
,L,Merge,F,,,,,,
,L,Merge,F,,,,,,
,L,Merge,F,,,,,,
,L,Merge,F,,,,,,
,L,Merge,F,,,,,,
,L,Merge,F,,,,,,
,D,fixes,F,,,,,,
,L,Merge,F,,,,,,
,D,fixes,F,,,,,,
,D,fixes,F,,,,,,
,D,fixes,F,,,,,,
,D,fixes,F,,,,,,
,D,fixes,F,,,,,,
,D,fixes,F,,,,,,
,L,Merge,F,,,,,,
,L,Merge,F,,,,,,
,D,testar agrupado,F,,,,,,
,L,Funcionalidade inicial de Download do manual,F,,,,,,
,L,Merge,F,,,,,,
,L,Commit inicial,F,,,,,,
,L,Organização de código e atualização de comentários.,F,,,,,,
,L,Contador de reprocesso,F,,,,,,
,L,Fluxo de reprocesso completo,F,,,,,,
,L,Merge,F,,,,,,
,L,Merge,F,,,,,,
,L,Merge,F,,,,,,
,L,Merge,F,,,,,,
,L,Merge,F,,,,,,
,L,Merge,F,,,,,,
,L,Merge,F,,,,,,
,L,Merge,F,,,,,,
,O,Merge,F,,,,,,
,O,Merge,F,,,,,,
,L,Merge,F,,,,,,
,O,Merge,F,,,,,,
,L,Merge,F,,,,,,
,L,Merge,F,,,,,,
,L,Implementação impressão certificado versão 1,F,,,,,,
,O,Merge,F,,,,,,
,O,Merge,F,,,,,,
,B,Correção listagem de dispositivos com servidor acessado através de proxy,F,Método heartbeat salva o endereço do cliente que originou o request,,,,,
,B,Correção DeviceService.list() em link externo com proxy,F,,,,,,
,O,Merge,F,,,,,,
,D,correção impressão de etiqueta,F,,,,,,
,O,Rollback da alteração do websocket com ssl.,F,,,,,,
,O,Merge,F,,,,,,
,L,Merge,F,,,,,,
,D,Merge,F,,,,,,
,O,Merge,F,,,,,,
,D,Merge,F,,,,,,
,D,MNT-10.V1,F,,,,,,
,L,FOIS-644 API para exclusão de Produtos e Lotes,F,,,,,,
,D,Merge,F,,,,,,
,L,Merge,F,,,,,,
,L,Impleentação da exclusão de Equipamento,F,,,,,,
,L,Merge,F,,,,,,
,D,MNT-10,F,,,,,,
,D,MNT-10,F,,,,,,
,D,MNT-10,F,,,,,,
,O,Configuração do histograma para sla.,F,,,,,,
,O,Teste da ferramenta micrometer.,F,,,,,,
,O,Merge,F,,,,,,
,D,Merge,F,,,,,,
,L,Merge,F,,,,,,
,B,Inserido teste de porta HTTPS do agente,F,"Primeiro, testa-se a porta HTTPS a partir do HostName declarado no Heartbeat. Se o teste retornar falha, tentar todos os possíveis endereços HTTP.",,,,,
,O,Correção no script para importação de lotes.,F,,,,,,
,D,Merge,F,,,,,,
,O,Teste no Jenkins File,F,,,,,,
,B,Merge,F,,,,,,
,L,FOIS-598,F,,,,,,
,L,Merge,F,,,,,,
,B,Merge,F,,,,,,
,D,Fix on fiber tests,F,,,,,,
,D,FOIS-625,F,,,,,,
,L,Merge,F,,,,,,
,D,FOIS-625,F,,,,,,
,B,Movido código de firmware para coluna distinta,F,,,,,,
,L,Merge,F,,,,,,
,L,Correção ResultILRL,F,,,,,,
,N,impressao Etiqueta PDF,F,,,,,,
,N,FOIS-40 - verificação usuario por tipo Etiqueta,F,,,,,,
,N,FOIS-40,F,,,,,,
,N,Merge,F,,,,,,
,L,FOIS-329,F,,,,,,
,L,Padronização de downlod doas arquivos de importação para .xlsx,F,,,,,,
,L,Correção do download de Arquivo Modelo para Importação Por Fornecedor,F,,,,,,
,L,Correção do download de Arquivo Modelo para Importação Por loe e Por,F,Fornecedor,,,,,
,L,FOIS-329,F,,,,,,
,L,Aumento maximumWarning,F,,,,,,
,F,Merge,F,,,,,,
,L,FOIS-613,F,,,,,,
,F,Merge,F,,,,,,
,F,Merge,F,,,,,,
,K,correção para geração de arquivo,F,,,,,,
,L,Merge,F,,,,,,
,K,historico por fibra,F,,,,,,
,K,Merge,F,,,,,,
,L,Busca do ip do agente cadastrado e tratamento da exclusão de agente em,F,utilização.,,,,,
,K,check point,F,,,,,,
,L,FOIS-616,F,,,,,,
,L,FOIS-616,F,,,,,,
,L,Merge,F,,,,,,
,L,FOIS-615,F,,,,,,
,L,FOIS-592,F,,,,,,
,K,Merge,F,,,,,,
,E,Ajuste de exibição de menu de acordo com as permissoes,F,"Menu escondido para:

Pipeline - Gestão de testes - Atualizar Lote/Produto
Pipeline - Gestão de testes - Atualizar Plano de Teste
Pipeline - Gestão de testes - Desbloquear Número de Série
Pipeline - Gestão de testes - Etiquetas
Pipeline - Gestão de testes - Excluir Resultado de Teste
Pipeline - Gestão de testes - Histórico
Pipeline - Gestão de testes - Visualização
Pipeline - Realizar testes",,,,,
,L,Fixes Permissões Pipeline e Impressoras,F,,,,,,
,K,Merge,F,,,,,,
,K,correção permissões,F,,,,,,
,L,Permissões de Cadastro e Visualização de Impressoras,F,"FOIS- 590
FOIS- 599",,,,,
,L,Permissões de Cadastro e Visualização de Roteiro,F,Implementação do método hasAnyPermission,,,,,
,L,Alteração do nome Pesquisa para Visualização,F,,,,,,
,K,Correção na importação de testes por lote,F,"Correção do bug ""Não está imprimindo a etiqueta de Resultado de teste e o Certificado de teste óptico""",,,,,
,K,correções para gmud,F,,,,,,
,K,Retirando comentários de teste,F,,,,,,
,E,Merge,F,,,,,,
,K,ignore,F,,,,,,
,K,Merge,F,,,,,,
,K,Merge,F,,,,,,
,L,FOIS-585 Troca da mensagem de número de série,F,,,,,,
,K,Importação por lote,F,,,,,,
,L,FOIS-466 GESTAO LOTE,F,,,,,,
,F,prod para master,F,,,,,,
,K,Merge,F,,,,,,
,L,Merge,F,,,,,,
,K,Merge,F,,,,,,
,K,Merge,F,,,,,,
,K,correção da atenuação para tipo teste RL,F,,,,,,
,L,pageSize Impressora,F,,,,,,
,K,Merge,F,,,,,,
,K,Merge,F,,,,,,
,K,Merge,F,,,,,,
,L,Backeend SeefEtiqueta,F,,,,,,
,F,correcao para hml,F,,,,,,
,F,Merge,F,,,,,,
,L,Merge,F,,,,,,
,L,FOIS-502 Cadastro de Equipamento,F,,,,,,
,F,Merge,F,,,,,,
,L,Merge,F,,,,,,
,K,Merge,F,,,,,,
,L,Merge,F,,,,,,
,F,Build datetime para view no dev2,F,,,,,,
,F,Correcao no historico,F,,,,,,
,L,Base de dados - Listagem no front - Início da listagem no back,F,,,,,,
,F,Deploy dev2,F,,,,,,
,K,correção na atenuação,F,,,,,,
,F,Correcoes bugs,F,,,,,,
,K,desativando enable local,F,,,,,,
,F,"Correcao de bugs na home, pipeline, etc",F,atualizados.,,,,,
,L,FOIS-440 Permissões do Sistema,F,,,,,,
,K,Merge,F,,,,,,
,E,Diagramação tela de teste Visual e Intereferometro,F,,,,,,
,L,Merge,F,,,,,,
,L,"Funcionalidades cadastro fluke, na tela de equipamentos",F,,,,,,
,L,Cadastro e listagem endereço agente fluke frontend,F,,,,,,
,L,Cadastro e listagem endereço agente fluke backend,F,,,,,,
,L,Cadastro endereço agente fluke banco de dados-scripts-backend,F,,,,,,
,K,serviço de relatório,F,,,,,,
,K,Correção FOIS476,F,,,,,,
,L,Merge,F,,,,,,
,L,Atualização de script tabela DEV_DEVICE e validação do método incClear,F,,,,,,
,K,organizando imports,F,,,,,,
,K,Merge,F,,,,,,
,F,Atividade interferometro até liberação,F,,,,,,
,K,alterando a forma como salva plano de teste.,F,,,,,,
,F,Merge,F,,,,,,
,K,Merge,F,,,,,,
,K,ignore,F,,,,,,
,F,Retira comando pordeus da conclusao dos testes,F,Modificacoes para teste de fibra agrupada identificar erros durante processo e nao realizar live mode,,,,,
,K,Correção FOIS-482,F,,,,,,
,K,Correção FOIS-481,F,,,,,,
,L,Cadastro do Fator de Compensação - Tipo de teste/Comprimento de onda/FIbras,F,,,,,,
,K,Merge,F,,,,,,
,K,Merge,F,,,,,,
,K,apontando serviço fluke para equipamento,F,agente.,,,,,
,K,correções fluke,F,,,,,,
,F,Indo para testes,F,,,,,,
,K,correção caracter especial,F,,,,,,
,K,Merge,F,,,,,,
,L,Merge,F,,,,,,
,K,histórico por número de série fluke,F,,,,,,
,F,Correcao de bugs,F,,,,,,
,K,concluir teste fluke parte II,F,,,,,,
,K,correção contagem quantidade de sucateio e reprocesso,F,,,,,,
,E,Ajuste table firefox,F,,,,,,
,F,Structure,F,,,,,,
,L,FOIS-260 / Alteração e Reset de senha,F,,,,,,
,K,feito até aqui... ainda não salva uma medição,F,,,,,,
,E,Merge,F,,,,,,
,F,Mudancas para nova gestao e conclusao,F,,,,,,
,F,Correcao para sequências que possuam lote e produto preenchidos simultaneamente.,F,,,,,,
,L,FOIS-362 e FOIS-438,F,,,,,,
,K,atualização dos scripts,F,,,,,,
,K,Merge,F,,,,,,
,E,Remocao Config Menu,F,,,,,,
,F,Merge,F,,,,,,
,L,FOIS-404,F,,,,,,
,K,correção na conversão de data,F,,,,,,
,F,Merge,F,,,,,,
,L,FOIS-334,F,Bloqueia equipamento para teste nao marcado quando etapas sao agrupadas mas equipamento nao testa agrupado,,,,,
,F,Fibra agrupamento,F,,,,,,
,F,Correções de validação na execucao de teste,F,,,,,,
,L,FOIS-342,F,,,,,,
,K,Merge,F,,,,,,
,K,eliminando comentários,F,,,,,,
,K,commit parcial da alteração no cadastro de equipamento,F,,,,,,
,K,atualização do script,F,,,,,,
,F,Andamento das melhorias de execucao,F,,,,,,
,K,correções no cancelar númeo de série,F,,,,,,
,L,Merge,F,,,,,,
,K,fluke,F,,,,,,
,L,Merge,F,,,,,,
,F,FOIS-384,F,,,,,,
,F,Correcao para deploy,F,,,,,,
,F,deploy,F,,,,,,
,F,Para deploy bugs,F,,,,,,
,K,Retirando mensagem,F,,,,,,
,F,Correçao de erros de build,F,,,,,,
,E,Ajuste execucao agrupado,F,,,,,,
,K,excluir número de série,F,,,,,,
,E,Merge,F,,,,,,
,K,correções,F,,,,,,
,F,Tenta reduzir tamanho da pagina para melhorar performance,F,,,,,,
,F,Correcao da inversao de IL/RL com map-200 e outros equipamentosy,F,,,,,,
,K,correção medições,F,,,,,,
,F,Move mensagem de retorno do reprocessar para o final,F,,,,,,
,F,Merge,F,,,,,,
,F,Listagem agrupada de testes,F,,,,,,
,E,Merge,F,,,,,,
,E,fois 358,F,Correção do bug: FOIS-351 - Ordenação Fibra por Canal para produto com 48 Fibras não é exibida corretamente,,,,,
,E,Merge,F,,,,,,
,K,Correção na ordenação dos canais e fibras,F,,,,,,
,E,Ajustes do back + cadastro equip,F,,,,,,
,K,Parando live mode na calibração,F,,,,,,
,F,Logs,F,,,,,,
,E,Merge,F,,,,,,
,E,Merge,F,,,,,,
,F,reduz para 1 minuto geracao de relatorio,F,t,,,,,
,F,xml beans,F,,,,,,
,K,Correção de scripts,F,,,,,,
,K,Merge,F,,,,,,
,F,Execucao em ordem,F,,,,,,
,K,commit até aqui... testado na simulação,F,,,,,,
,F,Totalizadores das etapas,F,,,,,,
,F,dev1,F,,,,,,
,F,Correção para clique de botão no roteiro.,F,,,,,,
,E,Folha de estilo,F,,,,,,
,K,Merge,F,,,,,,
,F,Resolve duplicação de versões de número de série.,F,,,,,,
,F,Gestao de lote funcionando.,F,,,,,,
,F,Aplicação subindo novamente,F,,,,,,
,K,MAPEAMENTO ENTIDADE X TABELA,F,,,,,,
,E,border width gestao de lote,F,,,,,,
,E,"alterações scss incluindo table, display flex",F,,,,,,
,F,Merge,F,,,,,,
,E,Tela de totalizadores,F,,,,,,
,F,Correções gerais pré GMUD,F,,,,,,
,F,Move versao para sucateamento de cabo para resultado.,F,,,,,,
,F,Front end,F,,,,,,
,K,Merge,F,,,,,,
,K,clean code,F,,,,,,
,F,Deploy WL,F,,,,,,
,K,Historico e Reprocesso,F,,,,,,
,K,Continuação da correção das versões,F,,,,,,
,K,Histórico na tela de gestão de lote,F,,,,,,
,F,Refactoring em andamento,F,,,,,,
,F,FOIS-238,F,,,,,,
,K,"Correção do bug: FOIS-292 - Se ao informar o número do lote, for deixado um...",F,"Correção do bug: FOIS-292 - Se ao informar o número do lote, for deixado um espaço na frente, o mesmo não é encontrado.",,,,,
,L,FOIS-271,F,"Correção do bug : FOIS-145 - Quando usuário recupera uma versão de Sequência ele retorna mensagem de ""editando padrão do sistema"" mesmo quando não é do tipo Padrão",,,,,
,K,Correção do bug: FOIS-295,F,,,,,,
,E,fois 277,F,,,,,,
,K,Correção de bugs: FOIS-265,F,,,,,,
,L,Merge,F,,,,,,
,L,FOIS-251,F,,,,,,
,F,projeto,F,,,,,,
,K,Merge,F,,,,,,
,F,commit para dev,F,,,,,,
,F,scheduled enabled para dev,F,,,,,,
,K,Merge,F,,,,,,
,E,tentativa scroll,F,,,,,,
,K,Correção de bug,F,,,,,,
,E,Removao da mensagem de snackbar aprovado e reprovado no momento no teste,F,,,,,,
,K,Merge,F,,,,,,
,K,Merge,F,,,,,,
,K,FOIS-27 - Como usuário gostaria de poder indicar em qual lado do cabo esta sendo realizado o teste,F,,,,,,
,L,Merge,F,,,,,,
,E,Merge,F,,,,,,
,F,produtos saem da gestao,F,,,,,,
,K,Merge,F,,,,,,
,E,Modal de calibragem,F,,,,,,
,F,equip02,F,,,,,,
,K,Correção na simulação de plano de teste,F,,,,,,
,K,Merge,F,,,,,,
,K,Merge,F,,,,,,
,F,deleta ojdbc do git,F,,,,,,
,K,Merge,F,,,,,,
,F,vscode front,F,,,,,,
,K,Tratamento de retorno quando iserido produto ou lote inexistente na tela de pesquisa de limites,F,,,,,,
,K,Correções e finalização da simulação,F,,,,,,
,K,Limpando imports,F,,,,,,
,K,Simulação parte 2,F,,,,,,
,K,Simular plano de teste,F,,,,,,
,F,node10,F,,,,,,
,F,FOIS-160,F,,,,,,
,F,spring profiles default,F,,,,,,
,F,melhora dependencias oracle do projeto,F,,,,,,
,K,Correção no cadastro de roteiro e lista de recursos por produto na simulação de plano de teste,F,,,,,,
,F,devices 2 lendo live mode,F,,,,,,
,F,novas modificacoes para equip,F,,,,,,
,E,Merge,F,,,,,,
,F,vai para master jade,F,,,,,,
,F,resolvido limites,F,,,,,,
,E,melhores praticas lang,F,,,,,,
,E,Inserção name pela Perfil automação teste,F,,,,,,
,E,correcao geral,F,,,,,,
,K,Merge,F,,,,,,
,E,correcao bug fois-128 e 130,F,,,,,,
,M,Merge,F,,,,,,
,F,importacao de conectores liberada,F,,,,,,
,E,ajuste mobile pipeline,F,,,,,,
,E,Ajuste conflito,F,,,,,,
,K,Salvar e continuar na tela de cadastro de limites,F,Alteração no cadastro de limites para que carregue somente os conectores do lote ou produto selecionado,,,,,
,F,"Modelo de geracao de num de serie , lote e produto",F,,,,,,
,K,Correção cron scheduled,F,,,,,,
,F,Melhoria paginador,F,,,,,,
,K,teste,F,,,,,,
,E,Merge,F,,,,,,
,F,integracoes funcionando,F,,,,,,
,E,Merge,F,,,,,,
,F,git ignore,F,,,,,,
,F,commit de ajustes,F,,,,,,
,F,pow final,F,,,,,,
,F,"commit funcionando, falta validar com modificacoes para weblogic",F,,,,,,
,F,local funcionando com oracle~,F,,,,,,
"28 Jun, 2021",,,,,,,,,
,B,Remoção de inversão de IL-RL,D,,,,,,
"23 Jun, 2021",,,,,,,,,
,B,Correções: desconexão / setDUTLengthEstimation / Tamanho máximo arquivo Log,D,,,,,,
"02 Jun, 2021",,,,,,,,,
,B,Console Modo Debug Dinamico,D,V3.3.5,,,,,
"05 May, 2021",,,,,,,,,
,B,Correção async POST Statistics,D,,,,,,
"09 Apr, 2021",,,,,,,,,
,B,Correção medição de tempos,D,,,,,,
"01 Apr, 2021",,,,,,,,,
,B,V3.3.1 - Logs+Tempos de execução,D,,,,,,
"29 Mar, 2021",,,,,,,,,
,H,Merge,D,,,,,,
,H,fixes simulador / path arquivo + delete,D,,,,,,
"18 Mar, 2021",,,,,,,,,
,B,Merge,D,,,,,,
,H,ghostscript dll print pdf,D,,,,,,
"16 Mar, 2021",,,,,,,,,
,H,fixes,D,,,,,,
,H,fixes,D,,,,,,
"11 Mar, 2021",,,,,,,,,
,H,refactor,D,,,,,,
,H,fixes,D,,,,,,
"08 Mar, 2021",,,,,,,,,
,B,Atualização de códigos de versão 3.2.2/1.30.5,D,,,,,,
,H,fixes,D,,,,,,
"04 Mar, 2021",,,,,,,,,
,H,printer util,D,,,,,,
"03 Mar, 2021",,,,,,,,,
,H,native printer,D,,,,,,
"01 Mar, 2021",,,,,,,,,
,H,Feature: Network printing,D,,,,,,
"25 Feb, 2021",,,,,,,,,
,B,Merge,D,,,,,,
"18 Feb, 2021",,,,,,,,,
,B,Merge,D,,,,,,
"12 Feb, 2021",,,,,,,,,
,B,Melhorias de performance,D,,,,,,
,B,Processamento em sessão de livemode / deviceLock,D,,,,,,
,B,Correção encerramento conexão websocket,D,,,,,,
"05 Feb, 2021",,,,,,,,,
,B,MAP-200: Mudança de modo de operação,D,,,,,,
,B,"Desconexão, buffer TCP, sequência comandos MAP",D,,,,,,
"03 Feb, 2021",,,,,,,,,
,B,Setup pré-testes MAP-200 TCP,D,,,,,,
"02 Feb, 2021",,,,,,,,,
,B,FIX Tentativa de reconexão,D,,,,,,
"01 Feb, 2021",,,,,,,,,
,B,Certificado único (pfx) + tentativa de reconexão,D,,,,,,
,B,V3.1.2,D,Importação manual de certificado de domínio,,,,,
,B,Correção simulador TCP-IP,D,,,,,,
"14 Dec, 2020",,,,,,,,,
,B,Melhoria em simulador / Upgrader permitir hostname,D,,,,,,
"03 Dec, 2020",,,,,,,,,
,B,Correção livemode/teste + correção formatação JSON,D,,,,,,
"02 Dec, 2020",,,,,,,,,
,B,Corrigido erro em excesso de tentativas,D,,,,,,
"25 Nov, 2020",,,,,,,,,
,B,OPMs / Batch Measure,D,,,,,,
"16 Oct, 2020",,,,,,,,,
,B,Correção feedback calibração+setTest,D,,,,,,
,B,GetQueueStatus + Correções Broadcast,D,,,,,,
"14 Oct, 2020",,,,,,,,,
,B,OPMs DeviceVO,D,,,,,,
,B,"UserID em requests / Limpar Fila, Desistir, Status de fila / Retorno de userId...",D,"UserID em requests / Limpar Fila, Desistir, Status de fila / Retorno de userId em conexão de websocket",,,,,
,B,Fila + Respostas de requests via websocket,D,,,,,,
"06 Oct, 2020",,,,,,,,,
,B,Init multi-user,D,"Calibração, teste e pré-configuração de teste",,,,,
"15 Sep, 2020",,,,,,,,,
,B,Update DeviceService.cs,D,,,,,,
"18 Aug, 2020",,,,,,,,,
,B,Correção loop infinito em teste de MAP-200,D,,,,,,
"15 Aug, 2020",,,,,,,,,
,B,Simulador Equipamento TCP/IP,D,,,,,,
,B,Envio de porta configurada para livemode,D,,,,,,
"13 Aug, 2020",,,,,,,,,
,B,Retornar informações para conexão,D,,,,,,
"11 Aug, 2020",,,,,,,,,
,B,Alteração de retorno do método 'Connect',D,,,,,,
"10 Aug, 2020",,,,,,,,,
,B,Correção modelo MAP-300 / Remoção '\n' em identificador,D,,,,,,
"08 Aug, 2020",,,,,,,,,
,B,Implementação de interface genérica de comunicação para AbstractDevice,D,"Implementada Interface de procotolo genérico;
Implementada classe de comunicação GPIB;
Implementada classe de comunicação TCPSocket;
Alterados devices para utilizar interface de protocolo;
Implementado método de conexão com dispositivo TCPSocket no controller de device.",,,,,
"22 Jul, 2020",,,,,,,,,
,B,Update Versão,D,,,,,,
"21 Jul, 2020",,,,,,,,,
,O,Teste TLS 1.3,D,,,,,,
"05 Jun, 2020",,,,,,,,,
,B,Alterada sequência de comandos de calibração para BR5,D,,,,,,
"02 Jun, 2020",,,,,,,,,
,B,Delay de retentativa de detecção inicial + Feedback erros de conexão GPIB em console,D,,,,,,
"27 May, 2020",,,,,,,,,
,B,Correções LiveMode,D,"STFAgentManager:
  • Atualizado código de versão;
  • Utils:
    • Alterado método 'KillProcess';
    • Implementados métodos 'KillAgent' e 'KillManager';
    • CreateCertificate:
      • Incluída geração de repositório de certificados .pfx;
      • Alterado método de leitura de feedback de comandos de console.

STF:
  • Atualizado código de versão;
  • Alterado HTML de Console;
  • Melhoria em Logs;
  • LiveModeService:
    • Incluídos mais logs.
  • DeviceService:
    • LiveModeWebsocket:
      • Implementada configuração de tempo máximo de ociosidade de cliente (24h);
      • Alterado caminho de certificado utilizado no websocket;
      • Incluído feedback em logs.",,,,,
"12 May, 2020",,,,,,,,,
,B,Correção update fluke ID,D,,,,,,
"11 May, 2020",,,,,,,,,
,B,Merge,D,,,,,,
"07 May, 2020",,,,,,,,,
,B,Update Postman Collection,D,,,,,,
"16 Apr, 2020",,,,,,,,,
,B,Update version,D,,,,,,
"13 Apr, 2020",,,,,,,,,
,B,Inserido campo FiberPlanarHeight em teste de interferômetro,D,,,,,,
"07 Apr, 2020",,,,,,,,,
,B,Correções livemode SSL,D,Incluído certificado SSL para websocket seguro de livemode,,,,,
"25 Mar, 2020",,,,,,,,,
,B,estatísticas+correções simulador,D,,,,,,
"24 Mar, 2020",,,,,,,,,
,B,Begin statistics implementation,D,,,,,,
"20 Mar, 2020",,,,,,,,,
,B,Compatibilidade Win8,D,"Alterada validade de certificado para 1 ano, de modo a possibilitar instalação em windows 8;
Incluída opção de importação de certificado a partir de arquivo;
Incluído projeto de criação de certificado para hostname fornecido.",,,,,
"16 Mar, 2020",,,,,,,,,
,B,Incluído projeto de atualizador remoto de agente.,D,,,,,,
"13 Mar, 2020",,,,,,,,,
,B,Incluídos projetos de instalador de certificado e gerador de chave de upgrade,D,,,,,,
"11 Mar, 2020",,,,,,,,,
,B,Correção certificado,D,,,,,,
"09 Mar, 2020",,,,,,,,,
,B,Correções link externo,D,"Incluída porta HTTPS para comunicação com o agente;
Incluída instalação de certificado para comunicação com porta HTTPS;
Alterado identificador de dispositivos simulados;
Alterado código de versão",,,,,
"20 Dec, 2019",,,,,,,,,
,B,Correções BR5+MBR5+Simulador Sumix,D,,,,,,
"17 Dec, 2019",,,,,,,,,
,B,Correções LiveMode MAP-200,D,,,,,,
"11 Dec, 2019",,,,,,,,,
,B,Correção primeira conexão,D,,,,,,
"10 Dec, 2019",,,,,,,,,
,B,Atualização Código de versão 1.28.6,D,,,,,,
"02 Dec, 2019",,,,,,,,,
,B,Correção OpenPCT,D,,,,,,
"27 Nov, 2019",,,,,,,,,
,B,Correção comprimento de onda BR5,D,,,,,,
"19 Nov, 2019",,,,,,,,,
,B,Correções BR5,D,,,,,,
"04 Nov, 2019",,,,,,,,,
,B,Atalho na área de trabalho + atalho startup,D,,,,,,
"01 Nov, 2019",,,,,,,,,
,B,Teste portas / Limpeza logs,D,,,,,,
"31 Oct, 2019",,,,,,,,,
,B,Correções + Segurança Upgrade Remoto,D,,,,,,
"30 Oct, 2019",,,,,,,,,
,B,Merge,D,,,,,,
"30 Oct, 2019",,,,,,,,,
,B,Merge,D,,,,,,
"29 Oct, 2019",,,,,,,,,
,B,Clear Errors on Connect / ConsoleHelper,D,,,,,,
"28 Oct, 2019",,,,,,,,,
,B,Silent Uninstall / Debugger / !CheckDevice(MAXINSPECT) / Get Manager and Agent...,D,Silent Uninstall / Debugger / !CheckDevice(MAXINSPECT) / Get Manager and Agent Version / Update Context Menu,,,,,
"25 Oct, 2019",,,,,,,,,
,B,Melhorias DeviceService / Manager REST API,D,,,,,,
"23 Oct, 2019",,,,,,,,,
,B,Correção de desconexão,D,,,,,,
"22 Oct, 2019",,,,,,,,,
,B,Conformação V24,D,,,,,,
"21 Oct, 2019",,,,,,,,,
,B,Websocket Server,D,,,,,,
"18 Oct, 2019",,,,,,,,,
,B,Erro ao selecionar canal/comprimento inválido,D,,,,,,
"17 Oct, 2019",,,,,,,,,
,B,Correção modelo JGR MBR5 Simulador,D,"Para acessar remotamente, deve-se liberar a porta a partir do comando
netsh http add urlacl url= user=your_user_name.",,,,,
"16 Oct, 2019",,,,,,,,,
,B,Correção upgrade,D,,,,,,
"15 Oct, 2019",,,,,,,,,
,B,Correções ConsoleWindowsService.cs,D,,,,,,
"14 Oct, 2019",,,,,,,,,
,B,Correção canal Simulador MAP-200,D,,,,,,
"11 Oct, 2019",,,,,,,,,
,F,float para calibracao,D,,,,,,
"11 Oct, 2019",,,,,,,,,
,B,Correção desconexão device v1.0,D,,,,,,
"10 Oct, 2019",,,,,,,,,
,B,Correções+Uninstaller,D,,,,,,
"08 Oct, 2019",,,,,,,,,
,B,Init dev Uninstaller,D,,,,,,
"04 Oct, 2019",,,,,,,,,
,B,Instalador+Gerenciador de Serviço,D,,,,,,
"03 Oct, 2019",,,,,,,,,
,B,Melhorias,D,"Alteradas circunstâncias em que o agente tenta detectar um WebSocket do MaxInspect;
Arquivo Program reorganizado.",,,,,
"30 Sep, 2019",,,,,,,,,
,B,Merge,D,,,,,,
"27 Sep, 2019",,,,,,,,,
,B,PassFail Measure Sumix,D,Alterado tipo do campo Pass no objeto retornado pelo método PerformMeasure.,,,,,
"26 Sep, 2019",,,,,,,,,
,B,Update Postman Collection,D,,,,,,
"25 Sep, 2019",,,,,,,,,
,F,Alterações para modificações de canal,D,,,,,,
"24 Sep, 2019",,,,,,,,,
,B,Merge,D,,,,,,
"23 Sep, 2019",,,,,,,,,
,B,Número de canais GPIB / GET->POST,D,,,,,,
"20 Sep, 2019",,,,,,,,,
,B,Agente como serviço do windows,D,,,,,,
"19 Sep, 2019",,,,,,,,,
,F,Merge,D,,,,,,
"18 Sep, 2019",,,,,,,,,
,B,Reconexão de dispositivos,D,,,,,,
"17 Sep, 2019",,,,,,,,,
,B,Merge,D,,,,,,
"16 Sep, 2019",,,,,,,,,
,F,Descomenta comandos de clear do map,D,visual,,,,,
"13 Sep, 2019",,,,,,,,,
,F,Correcoes gerais do agente,D,,,,,,
"12 Sep, 2019",,,,,,,,,
,B,Suporte a múltiplos dispositivos,D,"Incluído suporte a múltiplos dispositivos por agente;
Heartbeat separado em projeto isolado;
Biblioteca de comunicação com dispositivos SUMIX separada em projeto isolado.",,,,,
"10 Sep, 2019",,,,,,,,,
,L,Calibração MAP-200,D,,,,,,
"06 Sep, 2019",,,,,,,,,
,B,Merge,D,,,,,,
"05 Sep, 2019",,,,,,,,,
,B,Incluída interface de comunicação com equipamentos SUMIX.,D,"Por hora, apenas testes visuais foram testados (testes de desenvolvimento) e estão comprovadamente funcionais.",,,,,
"03 Sep, 2019",,,,,,,,,
,L,FOIS-189,D,,,,,,
"25 Jul, 2019",,,,,,,,,
,K,correções,D,,,,,,
"17 Jul, 2019",,,,,,,,,
,K,correções,D,,,,,,
"12 Jul, 2019",,,,,,,,,
,K,Correção live mode MAP,D,,,,,,
"11 Jul, 2019",,,,,,,,,
,K,Add caneis no simulador MAP,D,,,,,,
"08 May, 2019",,,,,,,,,
,K,Merge,D,,,,,,
"02 May, 2019",,,,,,,,,
,F,modificacoes no simulador para pegar nome do computador,D,,,,,,
"11 Apr, 2019",,,,,,,,,
,F,"arquivo de configuracao para heartbeat url, conf de simulador",D,,,,,,
"10 Apr, 2019",,,,,,,,,
,F,cors,D,,,,,,
"04 Apr, 2019",,,,,,,,,
,F,devices,D,,,,,,
"14 Feb, 2019",,,,,,,,,
,F,"* para rodar em qualquer host, é preciso adicionar uma reserva de URL no...",D,"* para rodar em qualquer host, é preciso adicionar uma reserva de URL no sistema. No cmd como admin executar: netsh http add urlacl url= user=todos",,,,,
"11 Feb, 2019",,,,,,,,,
,O,Enviando nome da máquina no hertbeat para conseguir fazer referência nos logs.,D,Envio de logs via Post.,,,,,
"08 Feb, 2019",,,,,,,,,
,O,Arquivo de configuração,D,"HeartBeat
API GPIB",,,,,
"06 Feb, 2019",,,,,,,,,
,O,Modificações na API e inicio do simulador.,D,,,,,,
"05 Feb, 2019",,,,,,,,,
,O,Commit Inicial,D,,,,,,
"15 Jun, 2021",,,,,,,,,
,O,Novo template para pre-prod,C,,,,,,
"14 Jun, 2021",,,,,,,,,
,O,Ajustes do template do greengrass em pre-prod,C,,,,,,
"10 Jun, 2021",,,,,,,,,
,O,enviroments,C,,,,,,
"09 Jun, 2021",,,,,,,,,
,O,Removendo profile.,C,,,,,,
"17 May, 2021",,,,,,,,,
,O,Validação das datas para partição.,C,,,,,,
,P,Indicando o status da máquina no menu hierárquico lateral,C,,,,,,
,O,Adicionado status na API para retornar a árvore de grupos,C,,,,,,
,P,Merge,C,,,,,,
,P,propagando alteração de hint para tooltip para demais telas,C,,,,,,
,P,Adicionando sufixo com os hints a tela de grupos,C,,,,,,
"13 Apr, 2021",,,,,,,,,
,P,Adicionando hints as outras telas,C,,,,,,
"12 Apr, 2021",,,,,,,,,
,P,Reduzindo numero de filtros de 4 para 1,C,,,,,,
,P,ajustando o design dos campos de detalhe da maquina,C,,,,,,
,P,Merge,C,,,,,,
"07 Apr, 2021",,,,,,,,,
,O,Correção para importação.,C,,,,,,
"06 Apr, 2021",,,,,,,,,
,O,Correção para execução de API/SQL manual.,C,,,,,,
"05 Apr, 2021",,,,,,,,,
,P,Ajustando cor do menu superior e lateral para ficarem iguais,C,,,,,,
"01 Apr, 2021",,,,,,,,,
,P,Merge,C,,,,,,
"30 Mar, 2021",,,,,,,,,
,Q,Case sensitive no nome dos itens,C,,,,,,
"29 Mar, 2021",,,,,,,,,
,P,Merge,C,,,,,,
"25 Mar, 2021",,,,,,,,,
,Q,Correção no tamanho dos modais e ícones da árvore de grupos,C,,,,,,
,Q,Correção ao inserir novo grupo na árvore,C,,,,,,
"19 Mar, 2021",,,,,,,,,
,Q,Correção do scroll nos modais,C,,,,,,
,Q,Alterações de layout e correção biblioteca jwt,C,,,,,,
,Q,Salva somente o arquivo .zip no S3,C,,,,,,
"16 Mar, 2021",,,,,,,,,
,Q,Correção no diretório do mosquitto,C,,,,,,
"15 Mar, 2021",,,,,,,,,
,Q,Correção nome do grupo,C,,,,,,
"12 Mar, 2021",,,,,,,,,
,Q,Criação de arquivo zip no S3 e validação de nome do grupo,C,,,,,,
"11 Mar, 2021",,,,,,,,,
,Q,Arquivos do greengrass core no S3,C,,,,,,
"10 Mar, 2021",,,,,,,,,
,Q,Bucket para greengrass,C,,,,,,
"09 Mar, 2021",,,,,,,,,
,O,Correção Log Server e implantação na AWS.,C,,,,,,
"08 Mar, 2021",,,,,,,,,
,Q,Permissão para envio de configuração ao Greengrass,C,,,,,,
"05 Mar, 2021",,,,,,,,,
,O,Sbscription e Logger,C,,,,,,
"04 Mar, 2021",,,,,,,,,
,O,Criação de um grupo do Greengrass,C,,,,,,
,Q,Correção no componente do grupo de dados,C,,,,,,
,Q,Correção posição de elementos,C,,,,,,
"01 Mar, 2021",,,,,,,,,
,Q,Correção ao editar grupo de dados,C,,,,,,
,Q,Removida mensagens de log no front,C,,,,,,
,Q,Correções SonarQube,C,,,,,,
,Q,Otimização da lista de itens,C,,,,,,
"22 Feb, 2021",,,,,,,,,
,O,Format last_sync time,C,,,,,,
"19 Feb, 2021",,,,,,,,,
,Q,Barra de rolagem horizontal na lista de itens,C,,,,,,
"18 Feb, 2021",,,,,,,,,
,Q,Verificação da validade do token ao enviar requisições,C,,,,,,
"12 Feb, 2021",,,,,,,,,
,O,Merge,C,,,,,,
"10 Feb, 2021",,,,,,,,,
,Q,Histórico de sincronização,C,,,,,,
"09 Feb, 2021",,,,,,,,,
,Q,Configuração para remover configuração de um grupo,C,,,,,,
,O,voltando classe css,C,,,,,,
"04 Feb, 2021",,,,,,,,,
,O,Item Schedule implementation,C,,,,,,
"02 Feb, 2021",,,,,,,,,
,Q,Correção na execução manual de itens,C,,,,,,
,O,Sincronização com Pre-Script,C,,,,,,
"27 Jan, 2021",,,,,,,,,
,B,Merge,C,,,,,,
"26 Jan, 2021",,,,,,,,,
,O,Validação data.service.dataItem.buffered.null,C,,,,,,
"26 Jan, 2021",,,,,,,,,
,B,PreRequestScript Frontend,C,,,,,,
,B,Confirmação desativar usuário,C,,,,,,
"22 Jan, 2021",,,,,,,,,
,O,Test CI/CD,C,,,,,,
,O,Label Source,C,,,,,,
"20 Jan, 2021",,,,,,,,,
,O,Correção deploy.,C,,,,,,
"19 Jan, 2021",,,,,,,,,
,O,Salva formato Json no Elastic,C,,,,,,
,Q,Correção de organização fixa,C,,,,,,
"11 Jan, 2021",,,,,,,,,
,Q,Limpeza de recursos não utilizados no front. Correção de layout da tela de histórico,C,,,,,,
,O,Substituição de parametros em APIs rest,C,,,,,,
,Q,Correção na inserção de dados de histórico no dashboard,C,,,,,,
,O,Traduções,C,,,,,,
"23 Dec, 2020",,,,,,,,,
,B,Melhorias gerais,C,,,,,,
"22 Dec, 2020",,,,,,,,,
,B,Update core by name,C,,,,,,
"21 Dec, 2020",,,,,,,,,
,B,Configurações gerais,C,,,,,,
"18 Dec, 2020",,,,,,,,,
,B,Update deploy.sh,C,,,,,,
,B,Init pages,C,,,,,,
"16 Dec, 2020",,,,,,,,,
,Q,"Integração de download, reenvio e exclusão de dados de histórico",C,,,,,,
"15 Dec, 2020",,,,,,,,,
,Q,Métodos para exclusão e reenvio de histórico para o Kibana,C,,,,,,
"15 Dec, 2020",,,,,,,,,
,B,Fix loader / fix delete / fix minRate,C,,,,,,
,O,Correção do período de pesquisa default.,C,,,,,,
"11 Dec, 2020",,,,,,,,,
,B,Merge,C,,,,,,
"10 Dec, 2020",,,,,,,,,
,Q,Correção da mensagem de erro na taxa de atualização,C,Correção da barra de load durante a exclusão de item e definição de taxa mínima para dados de sistema,,,,,
"09 Dec, 2020",,,,,,,,,
,B,Begin export,C,,,,,,
"08 Dec, 2020",,,,,,,,,
,B,Modularização de edição de itens + Importação,C,,,,,,
"07 Dec, 2020",,,,,,,,,
,O,Correção do template,C,,,,,,
"04 Dec, 2020",,,,,,,,,
,O,Merge,C,,,,,,
,O,Alterações para consultas de dados de histórico.,C,,,,,,
,Q,Inserção da organização no item de configuração do greengrass,C,,,,,,
"02 Dec, 2020",,,,,,,,,
,Q,Criação de api para consulta manual,C,,,,,,
"01 Dec, 2020",,,,,,,,,
,O,Projeto para historico de queries no Athena.,C,,,,,,
,Q,Envio da solicitação de consulta manual para outro tópico,C,,,,,,
"27 Nov, 2020",,,,,,,,,
,Q,Consulta manual de SQL e API,C,,,,,,
"09 Nov, 2020",,,,,,,,,
,O,Alterações no firehose.,C,,,,,,
"06 Nov, 2020",,,,,,,,,
,O,Adicionado um stream historic,C,,,,,,
"20 Oct, 2020",,,,,,,,,
,O,Added column comments,C,,,,,,
,O,Alteração de labels.,C,,,,,,
"16 Oct, 2020",,,,,,,,,
,Q,Cloudformation do Cognito p/ integração com ElasticSearch,C,,,,,,
,Q,Cloudformation do domínio e grupos do UserPool,C,,,,,,
,Q,Correção no cadastro de grupos e itens com nome duplicados,C,,,,,,
"13 Oct, 2020",,,,,,,,,
,Q,Correções na exibição do grupo de dados,C,,,,,,
"08 Oct, 2020",,,,,,,,,
,O,Cloudformation para Histórico,C,,,,,,
"07 Oct, 2020",,,,,,,,,
,O,IoT Historic cloudformation,C,,,,,,
"05 Oct, 2020",,,,,,,,,
,Q,Controle de acesso das fontes de dados por usuários,C,,,,,,
"02 Oct, 2020",,,,,,,,,
,O,CI AUTH,C,,,,,,
,O,Rename Files,C,,,,,,
,O,Sincronização,C,,,,,,
,O,Integração Item e API/SQL,C,,,,,,
,Q,Merge,C,,,,,,
,O,Sincronização das configurações.,C,,,,,,
,O,Renomeada os nomes de variáveis.,C,,,,,,
,O,Lista os Cores do greengrass.,C,,,,,,
,O,Correção dos textos e mensagens para data item,C,2) Validação para não excluir filhos,,,,,
,O,Desenv. Data Item,C,,,,,,
,O,Merge,C,,,,,,
,Q,Organização de arquivos do auth,C,,,,,,
,O,CRUD DataItem,C,,,,,,
,O,implementação DataItem,C,Data Item.,,,,,
,Q,Adicionado novos filtros na busca de usuários,C,Validação de email quando já possui código de recuperação da senha. Exibido padrão de senha ao recuperar,,,,,
,Q,Habilitado a edição de e-mail,C,,,,,,
,Q,Modificação da caixa de seleção da organização,C,,,,,,
,Q,Recuperação de senha quando já possui o código,C,,,,,,
,O,Correção user pool + organização serviços,C,,,,,,
,O,Error Message.,C,,,,,,
,Q,Busca das organizações no dynamoDb,C,,,,,,
,Q,Busca de roles no cognito,C,,,,,,
,Q,"Implementação dos métodos de busca, criação e edição de usuários",C,,,,,,
,O,Merge,C,,,,,,
,Q,Início da implementação de recuperação de senha,C,,,,,,
,O,Cors para auth,C,,,,,,
,O,Desenvolvimento de getItem e create para DataGroup,C,,,,,,
,O,Debug e correção do data group.,C,,,,,,
,Q,Inicio desenvolvimento da autenticação de usuário serverless,C,,,,,,
,O,Inicio do desenvolvimento como servless.,C,,,,,,
,Q,Modificações gerais no grupo de dados,C,,,,,,
,Q,Implementação parcial do front do grupo de dados,C,,,,,,
,Q,Correção das requisições do grupo de dados,C,,,,,,
,Q,Correção no teste unitário de remoção de usuário,C,,,,,,
,Q,Implementação do grupo de dados,C,,,,,,
,O,Adicionado componente para configuração dos dados.,C,,,,,,
,Q,Geração de senha aleatória quando recuperada. Tratativa de erro de login....,C,Geração de senha aleatória quando recuperada. Tratativa de erro de login. Armazenamento do token em cookie,,,,,
,Q,Implementação da funcionalidade de redefinição de senha,C,,,,,,
,Q,Implementação do loader. Ajustes no CSS. Implementação de troca de senha,C,,,,,,
,Q,Implementação de login e CRUD de usuário no frontend,C,,,,,,
,Q,Serviço de login utilizando JWT,C,,,,,,
,Q,Padronizado os métodos e variáveis em inglês. Renomeado os arquivos e classes,C,,,,,,
,Q,Adicionado arquivos pendentes,C,,,,,,
,O,Componente iniciais do front como referencia.,C,,,,,,
,Q,Implementação da autenticação via Basic em conjunto com JWT,C,Modificado para 1 dia a duração do token. Adicionada a lista de roles no retorno do método getAuthentication,,,,,
,Q,Validação na senha do usuário. Correção do auditing e regras de serviço,C,,,,,,
,Q,Inicio da implementação da autenticação utilizando JWT,C,,,,,,
,Q,"Implementação CRUD de users, roles e organization utilizando JPA Auditing",C,,,,,,
,Q,Criado novos atributos na classe User,C,,,,,,
,Q,Implementado o uso do ModelMapper. Correção do SEQUENCE da classe User,C,,,,,,
,O,Adicionado padrões para JPA e JDBC Template.,C,Adicionado Migrations via Flyway.,,,,,
,O,Correção da versão base do greengrass,B,,,,,,
"14 Jun, 2021",,,,,,,,,
,O,Deploy em abiente pre prod.,B,,,,,,
"21 May, 2021",,,,,,,,,
,O,Processamento da função Output em batelada ao invés de invocar por mensagem.,B,,,,,,
"12 Apr, 2021",,,,,,,,,
,O,Correção tópico,B,,,,,,
"05 Apr, 2021",,,,,,,,,
,O,Adicionado o tópico nas mensagens para o ES e Firehose.,B,,,,,,
,O,Mudança no Loadconfiguration para tratar nomes com _Core,B,,,,,,
,O,Logs e Atualização de IP automática,B,,,,,,
,O,Comentado teste,B,,,,,,
,O,Evita que todas as consultas parem por 1 erro no SQL.,B,,,,,,
,Q,Correção de sincronização do core ao subir gg,B,,,,,,
,Q,Correções SonarQube e identação,B,,,,,,
"25 Feb, 2021",,,,,,,,,
,Q,Correção na recuperação de secret do redis,B,,,,,,
,Q,Host do ELK por secret,B,,,,,,
,O,Fix single item with mqtt ans rest server,B,,,,,,
,O,Fix REST Server,B,,,,,,
,O,Schedule Fix,B,,,,,,
,O,docker compose prd,B,,,,,,
"04 Feb, 2021",,,,,,,,,
,O,Fix Schedule Timezone,B,,,,,,
"02 Feb, 2021",,,,,,,,,
,Q,Mensagem de erro quando não encontra o id na consulta manual,B,,,,,,
"28 Jan, 2021",,,,,,,,,
,O,Adicionado datetime no Pre-Script,B,,,,,,
,O,Correção sincronização do Core,B,,,,,,
,O,Tratativa para tipo List no Kibana,B,,,,,,
"20 Jan, 2021",,,,,,,,,
,Q,Correção envio bufferizado,B,,,,,,
,O,Correcoes do formato json,B,,,,,,
,Q,Merge,B,,,,,,
,O,Correções RestClient e load dashboard,B,,,,,,
"14 Jan, 2021",,,,,,,,,
,O,Stream with maxlen equals 300,B,,,,,,
,O,Merge,B,,,,,,
"11 Jan, 2021",,,,,,,,,
,O,Test ELK Local,B,,,,,,
"08 Jan, 2021",,,,,,,,,
,O,Correções para envio de SQL,B,,,,,,
,O,Alteração do nivel de log do mosquitto para warning,B,,,,,,
,O,Ajustes para implantação.,B,,,,,,
"23 Dec, 2020",,,,,,,,,
,B,Requisitar atualização de configurações automaticamente,B,,,,,,
,O,Alterações na rotina de load,B,,,,,,
"18 Dec, 2020",,,,,,,,,
,O,Conversão do timestamp de milisegundos para segundos,B,,,,,,
"17 Dec, 2020",,,,,,,,,
,O,Merge,B,,,,,,
"04 Dec, 2020",,,,,,,,,
,Q,Correção timestamp e organização,B,,,,,,
,Q,Correção de autenticação kibana,B,,,,,,
,O,Merge,B,,,,,,
"30 Nov, 2020",,,,,,,,,
,Q,Criação de lambda para recebimento de requisições de atualização manual,B,,,,,,
,Q,Consulta manual de SQL e API,B,,,,,,
"26 Nov, 2020",,,,,,,,,
,O,Teste mosquitto.,B,,,,,,
,O,Correção endereço bridge,B,,,,,,
"24 Nov, 2020",,,,,,,,,
,Q,Correção na inserção de dados no kibana via firehose,B,,,,,,
,O,Removendo certificados.,B,,,,,,
,O,Adicionado mecanismo para bridge do kepserver com o Greengrass.,B,,,,,,
"19 Nov, 2020",,,,,,,,,
,Q,Inserção de dados no kibana através da chamada de lambda em load.py,B,,,,,,
"18 Nov, 2020",,,,,,,,,
,O,Alterações para testes na VM Oracle,B,,,,,,
,O,Adicionado logging no transform,B,,,,,,
"16 Nov, 2020",,,,,,,,,
,O,Correções RestServer,B,Adicionado envio para dashboard,,,,,
"13 Nov, 2020",,,,,,,,,
,O,Merge,B,,,,,,
"12 Nov, 2020",,,,,,,,,
,Q,Correção na consulta de SQL,B,,,,,,
,B,Separação de histórico por natureza,B,Implementado algoritmo para envio de dados de diferentes naturezas para firehose diferentes.,,,,,
,O,Criada rotina para inserir dados na nuvem,B,,,,,,
"05 Nov, 2020",,,,,,,,,
,O,Descrição do readme,B,,,,,,
"30 Oct, 2020",,,,,,,,,
,B,Correções SQL_CLIENT,B,,,,,,
"26 Oct, 2020",,,,,,,,,
,B,Rest Server,B,,,,,,
,B,Rate field update,B,,,,,,
"20 Oct, 2020",,,,,,,,,
,O,Added Oracle support,B,,,,,,
,B,Redis Configuration,B,,,,,,
"15 Oct, 2020",,,,,,,,,
,O,Added Stack name,B,,,,,,
,B,Finish redis buffering,B,,,,,,
,O,Mudança do ARN para ser generico.,B,,,,,,
,B,Init redis buffering,B,,,,,,
,B,Input_Buffer / SQLite,B,"TODO:
Correções de mudança de buffer",,,,,
,B,REST_Client lambda,B,,,,,,
,B,Correção bufferize_output,B,,,,,,
,B,Mudança de arquitetura,B,TODO: Bufferize_Output fix,,,,,
"30 Sep, 2020",,,,,,,,,
,B,Correção de transformação,B,,,,,,
"29 Sep, 2020",,,,,,,,,
,B,extract com buffer simples,B,,,,,,
,B,Lambdas em stack diferente,B,,,,,,
"25 Sep, 2020",,,,,,,,,
,B,Atualização de certificados /  Stack outputs / Script de certificado,B,,,,,,
"24 Sep, 2020",,,,,,,,,
,B,get groupt certificate / group.pem,B,,,,,,
"23 Sep, 2020",,,,,,,,,
,B,Force reset deployment / Readme / Fix subscription topics,B,,,,,,
"22 Sep, 2020",,,,,,,,,
,B,Criação de endpoint,B,,,,,,
,O,Commit inicial com modelo de projeto.,B,,,,,,
"29 Jun, 2021",,,,,,,,,
,B,fix atualizador não consegue editar equipe,G,,,,,,
,B,fix envio de lembrete de report,G,,,,,,
"21 Jun, 2021",,,,,,,,,
,B,Merge,G,,,,,,
"18 Jun, 2021",,,,,,,,,
,B,Botão 'Declarar que não há report',G,,,,,,
"14 Jun, 2021",,,,,,,,,
,B,Fix select user by matrícula,G,,,,,,
"20 May, 2021",,,,,,,,,
,B,Merge,G,,,,,,
"19 May, 2021",,,,,,,,,
,B,Report de report de pilares,G,,,,,,
"18 May, 2021",,,,,,,,,
,P,Merge,G,,,,,,
"17 May, 2021",,,,,,,,,
,P,Merge,G,,,,,,
"14 May, 2021",,,,,,,,,
,P,Alterando a tela de edição de atividades,G,"Fix JDBCImpl;
Finish controllers;
Init front",,,,,
,B,Report de reconhecimentos - tabela+serviço+controller,G,This reverts commit .,,,,,
"13 May, 2021",,,,,,,,,
,B,pilares_dinamicos: acesso usuarios pilar,G,TODO: finish frontend,,,,,
"12 May, 2021",,,,,,,,,
,B,pilares_dinamicos: gestão,G,"Alterado modal de seleção de usuários;
Alterada página 'minha equipe'
Alterado modal de cadastro e edição de equipe",,,,,
"11 May, 2021",,,,,,,,,
,B,Fix create equipe,G,,,,,,
,B,fix pontuação user sem equipe,G,,,,,,
,B,Desligados / fix menu email / Data em confirmação de recebimento,G,,,,,,
,B,Melhorias em menu na página 'minha equipe',G,,,,,,
"10 Mar, 2021",,,,,,,,,
,B,Correção permissões relatório atualização equipes,G,,,,,,
"08 Mar, 2021",,,,,,,,,
,B,Remoção de links de acesso em e-mails automáticos,G,,,,,,
"06 Mar, 2021",,,,,,,,,
,P,Alterando datepicker e cor do header,G,,,,,,
"05 Mar, 2021",,,,,,,,,
,B,Fix Registro email,G,,,,,,
"04 Mar, 2021",,,,,,,,,
,B,Email>Implementação backend,G,TODO: Implementação front,,,,,
"03 Mar, 2021",,,,,,,,,
,B,Email de confirmação de resgate ao registrar data de entrega,G,,,,,,
,B,Correção sendgrid,G,,,,,,
,A,Merge,G,,,,,,
,A,Merge,G,,,,,,
"24 Feb, 2021",,,,,,,,,
,A,release-10 deploy produção,G,,,,,,
,A,"81 - Quando ouver alteração de equipe, permitir a alteração da linha.  -...",G,"81 - Quando ouver alteração de equipe, permitir a alteração da linha.  - back-end e front-end finalizado",,,,,
,A,- Senha de usuário  - alterações back-end  e criação e-mail template,G,,,,,,
"18 Feb, 2021",,,,,,,,,
,A,- Permitir administrador ativarem usuários. -  front-end finalizado,G,,,,,,
"17 Feb, 2021",,,,,,,,,
,A,update release version,G,"– BUG - Saldo inconsistente – back-end finalizado , realizado update na base de dados para corrigir as entradas do extrato do usuario (update extrato set VALOR = -190 where ID = 44322;)
- methodo que retorna o saldo agora utilizando tabela de extrato ao invez de tabela de user coluna saldo.
- Adicionado validação para utilizar o saldo baseado na tabela de extrato e não mais na sessão do usuario.
- Adicionado log para facilitar na analise de problemas",,,,,
,B,Correção em cadastro de usuários via admin,G,,,,,,
"29 Jan, 2021",,,,,,,,,
,A,Merge,G,,,,,,
"27 Jan, 2021",,,,,,,,,
,A,- Relatório de usuários inativos - – back-end e front-end finalizado,G,,,,,,
"26 Jan, 2021",,,,,,,,,
,A,"- No momento de exclusão de membro de equipe, pedir justificativa para o...",G,"- No momento de exclusão de membro de equipe, pedir justificativa para o líder. - front-end e back-end finalizado.",,,,,
"22 Jan, 2021",,,,,,,,,
,A,– Alteração no cadastro – back-end e front-end finalizado,G,,,,,,
,A,"– Confirmação de recebimento de prêmio – back-end finalizado , front-end...",G,"– Confirmação de recebimento de prêmio – back-end finalizado , front-end finalizado – modal para confirmação de recebimento e validação para não permitir compras com resgates pendentes de confirmação, adicionado data de confirmação de entrega no relatório de trocas",,,,,
,A,– Confirmação de recebimento de prêmio – back-end schedule para rotina de...,G,– Confirmação de recebimento de prêmio – back-end schedule para rotina de envio de email e criação pagina estatica para confirmação do recebimento do premio e feedback para o usuario,,,,,
"19 Jan, 2021",,,,,,,,,
,A,– Confirmação de recebimento de prêmio – inicio back-end,G,,,,,,
"05 Jan, 2021",,,,,,,,,
,A,Merge,G,,,,,,
"30 Dec, 2020",,,,,,,,,
,A,"- Relatório de Extrato de Pontos – inclusão de filtro por funcionário (nome , matricula)",G,,,,,,
"29 Dec, 2020",,,,,,,,,
,A,- Inclusão de data de entrega. Fron-end finalizado (modal data de entrega...,G,"- Inclusão de data de entrega. Fron-end finalizado (modal data de entrega , inclusão de novas colunas relatório de trocas)",,,,,
"28 Dec, 2020",,,,,,,,,
,A,"- Inclusão de data de entrega. Fron-end iniciado (listagem , ordenação e filtros)",G,,,,,,
,A,- Inclusão de data de entrega. Back-end finalizado,G,,,,,,
,A,- Incluir no relatorio de trocas o endereço e telefone – back-end e front-end finalizado,G,,,,,,
,A,#release-8 - upgrade project version,G,- Visualizar ao lado do nome das equipes a data de última atualização e quem atualizou - back-end,,,,,
"21 Dec, 2020",,,,,,,,,
,A,- Visualizar ao lado do nome das equipes a data de última atualização e...,G,- Visualizar ao lado do nome das equipes a data de última atualização e quem atualizou - back-end,,,,,
,B,Fix: Atribuição de pontos a líderes,G,,,,,,
"11 Dec, 2020",,,,,,,,,
,A,Merge,G,,,,,,
"10 Dec, 2020",,,,,,,,,
,A,"- Incluir endereço no Voucher de resgate , update project version",G,,,,,,
"09 Dec, 2020",,,,,,,,,
,A,- Incluir endereço e telefone no formulário de cadastro - front-end...,G,- Incluir endereço e telefone no formulário de cadastro - front-end finalizado e bugfix URL parameter encode dashboard,,,,,
"08 Dec, 2020",,,,,,,,,
,A,- Incluir endereço e telefone no formulário de cadastro - back-end finalizado,G,,,,,,
"07 Dec, 2020",,,,,,,,,
,A,- Relatório de extrato de saldo do usuário pelos administradores - fron-ent finalizado,G,,,,,,
,A,- Código de Voucher em relatório de trocas,G,,,,,,
,B,Update version 10039,G,,,,,,
"23 Nov, 2020",,,,,,,,,
,A,Merge,G,,,,,,
,A,- E-mail de voucher: Endereço em cópia hardcoded - finalizado back-end,G,,,,,,
"18 Nov, 2020",,,,,,,,,
,A,- Inclusão de notificação para os lideres quando necessário fazerem...,G,- Inclusão de notificação para os lideres quando necessário fazerem alterações na sua equipe - back-end finalizado adicionado rotina de criaça de eventos quando um novo convite e criado e no listener de eventos envia email para o lider informando sobre o novo convite,,,,,
"17 Nov, 2020",,,,,,,,,
,A,- Relatórios - Top Linhas - exportar para CSV – finalizado beck-end e...,G,- Relatórios - Top Linhas - exportar para CSV – finalizado beck-end e front end pagina de relatórios.,,,,,
"16 Nov, 2020",,,,,,,,,
,A,- Relatórios - Pontos por Pilar - exportar para CSV – finalizado beck-end...,G,- Relatórios - Pontos por Pilar - exportar para CSV – finalizado beck-end e front end pagina de relatórios.,,,,,
"13 Nov, 2020",,,,,,,,,
,A,- Relatórios - Tipos de Reconhecimento - exportar para CSV – finalizado...,G,- Relatórios - Tipos de Reconhecimento - exportar para CSV – finalizado beck-end e front end pagina de relatórios.,,,,,
"11 Nov, 2020",,,,,,,,,
,A,Merge,G,,,,,,
,A,- Relatórios – Trocas Realizadas - exportar para CSV – beck-end e front-end,G,,,,,,
"06 Nov, 2020",,,,,,,,,
,A,Merge,G,,,,,,
,A,– Gráficos Geral - Opção abrir detalhamento – fron-ent refector criação...,G,– Gráficos Geral - Opção abrir detalhamento – fron-ent refector criação modal generica para exibir todos os detalhes dos graficos/rankings,,,,,
,B,Atualização template voucher_resgate,G,,,,,,
"22 Oct, 2020",,,,,,,,,
,B,Merge,G,,,,,,
"21 Oct, 2020",,,,,,,,,
,A,# fix flyway renomeados scripts para ficar de acordo com o padrão de nomenclatura do flyway,G,"# adicionado configuração para testes unitarios e testes de integração rodarem com banco em memoria
issue  - Campos obrigatórios no cadastro
issue  - Bloquear o acesso com emails não @mdlz.com",,,,,
"14 Aug, 2020",,,,,,,,,
,B,Update mensagem erro usuário pendente,G,,,,,,
,B,Não pontuar líder / Correção cadastro usuário via admin,G,,,,,,
"31 Jul, 2020",,,,,,,,,
,B,Correção convite em equipe / Pesquisa de usuários / Toast em cadastro,G,,,,,,
"28 Jul, 2020",,,,,,,,,
,B,Correção pesquisa users-modal / Texto de links em login,G,,,,,,
"18 Jul, 2020",,,,,,,,,
,O,Alterado número de versão para publicação.,G,,,,,,
"17 Jul, 2020",,,,,,,,,
,O,Correção para visualização de PDFs em plataforma android e ios.,G,,,,,,
"09 Jul, 2020",,,,,,,,,
,B,Alteração voucher de resgate: incluir nome e matrícula,G,,,,,,
"08 Jul, 2020",,,,,,,,,
,B,"Correção da página ""Minha Equipe"" para líderes",G,,,,,,
,B,Correções gradle android,G,,,,,,
"23 Jun, 2020",,,,,,,,,
,B,Alteração e-mail de suporte em Login,G,,,,,,
"18 Jun, 2020",,,,,,,,,
,B,Correcao tabela top linhas,G,,,,,,
,B,Corrigida listagem de usuários selecionados em modal de seleção de comunicação,G,,,,,,
"09 Jun, 2020",,,,,,,,,
,B,Front>CommunicationPage>Alterado método de seleção de destinatários,G,"Frontend:
  • communication
    • Alterado layout: select trocado por botão;
    • Implementado método selectUsers: abre modal de seleção de usuários utilizado na edição de equipes;
    • Inseridos 3 imports: UsersModalPage,ModalController,PageDataService.
  • users-modal:
    • Corrigido estado inicial de 'searchTerm';
    • Implementadas alterações necessárias para utilizar a partir da página de comunicação.",,,,,
"02 Jun, 2020",,,,,,,,,
,B,Front> Correções HTML,G,,,,,,
"28 May, 2020",,,,,,,,,
,B,Atualização tutorial+remover dados negativos dashboard,G,"Frontend:
  • admin\pontos\grupos\grupos.page.ts:
    • Corrigido método getMembros de 'teamChange','presentPopOver' e 'presentPopOverDel'.",,,,,
"25 May, 2020",,,,,,,,,
,B,Incluídos scripts (python) de importação de usuários e equipes,G,,,,,,
"08 May, 2020",,,,,,,,,
,B,Front> update versionCode,G,"Back>Incluído método de para excluir usuários / Front>Validação de email+correção barra de pesquisa+

A principal alteração introduzida por esse comit é a possibilidade de usuários que não tenham email @mdlz de utilizarem o sistema, caso um administrador ative seu cadastro.

Backend:
  Alterado método ownCreate, tornando usuários com email não-@mdlz automaticamente finalizados e inativos;

  Incluído método da api para exluir usuários.

Frontend:
  Validação de email em campos em que é inserido;

  Correção em tela de edição de usuário (admin);

  Incluído texto ""Finalize seu cadastro;

  Incluído método de exclusão de usuários.",,,,,
"06 May, 2020",,,,,,,,,
,B,Front>Termos de uso em página de cadastro,G,,,,,,
"05 May, 2020",,,,,,,,,
,B,Front> include support info on Login,G,,,,,,
"29 Apr, 2020",,,,,,,,,
,B,Front>Correção dashboard sem dados,G,,,,,,
"27 Apr, 2020",,,,,,,,,
,B,Inclusão de pilares E&T e RH,G,,,,,,
"08 Apr, 2020",,,,,,,,,
,B,Atualização código de versão,G,,,,,,
"07 Feb, 2020",,,,,,,,,
,F,Versao 1.0.19 com correcao de constants invalidas,G,,,,,,
"06 Feb, 2020",,,,,,,,,
,F,Script de importacao e explicacoes em import_database.sql,G,,,,,,
"05 Feb, 2020",,,,,,,,,
,F,Correcao BUG MP-237,G,,,,,,
"04 Feb, 2020",,,,,,,,,
,F,"v0.0.60-RC, correcao BUG MP-238",G,,,,,,
"03 Feb, 2020",,,,,,,,,
,F,Versao 0.0.59-RC com correcoes de finalizacao de resgate,G,,,,,,
"30 Jan, 2020",,,,,,,,,
,F,0.0.57-RC - Correcao bug resgate de premio,G,nao dar erro em caso de envio de email,,,,,
"29 Jan, 2020",,,,,,,,,
,B,Script de migração: incluir data de agendamento,G,,,,,,
"28 Jan, 2020",,,,,,,,,
,B,Update versionCode=10016,G,,,,,,
"27 Jan, 2020",,,,,,,,,
,B,Melhoria layout users-modal,G,,,,,,
"24 Jan, 2020",,,,,,,,,
,B,Correção dismiss teamsMenu / Correção notificações,G,,,,,,
,E,Alteração do botao de voltar pro Dashboard,G,,,,,,
,B,Update versão jar backend,G,Correção crop em iOS / Correção salvar prêmio com quantidade infinita / Correção edição de área fechar modal,,,,,
,B,Update versionCode=10010,G,,,,,,
,B,Update versionCode=10009,G,,,,,,
,F,Commit final pré recesso,G,,,,,,
,E,Merge,G,,,,,,
,B,finish Dashboard Charts,G,,,,,,
,F,Merge,G,,,,,,
,B,Merge,G,,,,,,
,B,MP-205,G,,,,,,
,B,MP-198,G,,,,,,
,B,Merge,G,,,,,,
,B,Dummy pdf file,G,,,,,,
,B,Merge,G,,,,,,
,B,Merge,G,,,,,,
,E,MP-161,G,"MP-162
MP-124
MP-160
MP-145",,,,,
,B,IOS webview,G,,,,,,
,B,Notificação + Remove getFoto,G,,,,,,
,F,Merge,G,,,,,,
,B,Init upload de imagem,G,,,,,,
,E,Merge,G,,,,,,
,B,Merge,G,,,,,,
,F,Merge,G,,,,,,
,E,Merge,G,,,,,,
,F,Merge,G,,,,,,
,B,Merge,G,,,,,,
,B,Prêmios,G,,,,,,
,F,Modificacoes no login,G,,,,,,
,B,Reward,G,,,,,,
,B,keystore,G,,,,,,
,B,Merge,G,,,,,,
,B,"Criar atividade, fábrica, seção e linha",G,,,,,,
,B,Correção Token Login,G,,,,,,
,E,Merge,G,,,,,,
,B,Merge,G,,,,,,
,B,Correções android,G,,,,,,
,B,Correção Constants,G,,,,,,
,B,Testes isolados,G,,,,,,
,B,Merge,G,,,,,,
,B,cadastro/limpeza,G,,,,,,
,F,Login funcional,G,,,,,,
,F,Merge,G,,,,,,
,B,Init front,G,,,,,,
