Usuario,Projeto,Bug,Merge,DiaDaSemana,TamanhoDescricao
0,0,False,True,Tuesday,0
1,0,False,True,Tuesday,0
2,0,True,False,Friday,0
0,0,False,True,Wednesday,0
0,0,False,True,Monday,0
0,0,False,True,Friday,0
0,0,False,False,Thursday,0
2,0,False,False,Wednesday,0
3,0,True,False,Monday,0
0,0,False,False,Friday,0
0,0,False,True,Tuesday,0
0,0,False,False,Monday,105
0,0,False,False,Friday,0
3,0,False,False,Thursday,0
1,0,False,False,Tuesday,0
3,0,False,True,Monday,0
3,0,False,True,Friday,0
0,0,False,False,Thursday,0
0,0,False,False,Wednesday,0
0,0,False,False,Monday,35
0,0,False,True,Thursday,0
0,0,False,False,Wednesday,0
3,0,False,False,Tuesday,0
3,0,False,False,Wednesday,0
3,0,False,False,Monday,0
3,0,False,False,Thursday,0
3,0,False,False,Wednesday,0
3,0,False,False,Tuesday,0
3,0,False,False,Monday,0
3,0,False,True,Saturday,0
0,0,False,True,Wednesday,0
3,0,True,False,Tuesday,0
0,0,False,False,Friday,0
0,0,False,True,Thursday,0
0,0,False,False,Tuesday,0
3,0,True,False,Friday,0
3,0,True,False,Friday,0
3,0,False,True,Thursday,0
3,0,False,False,Wednesday,0
3,0,False,False,Tuesday,0
3,0,True,False,Monday,0
0,0,False,True,Thursday,0
3,0,False,False,Wednesday,0
3,0,False,False,Tuesday,67
3,0,False,False,Monday,0
3,0,False,False,Thursday,0
3,0,False,False,Monday,0
0,0,False,False,Thursday,0
0,0,False,False,Monday,0
0,0,False,True,Friday,0
3,0,True,False,Thursday,0
0,0,False,False,Wednesday,151
0,0,False,True,Tuesday,0
3,0,False,False,Tuesday,44
3,0,False,False,Monday,0
0,0,False,True,Friday,0
3,0,False,False,Thursday,40
3,0,False,False,Wednesday,0
0,0,False,True,Tuesday,0
3,0,False,False,Monday,0
0,0,False,True,Friday,0
3,0,False,False,Thursday,0
2,0,False,False,Wednesday,0
2,0,False,False,Tuesday,0
3,0,False,True,Tuesday,0
0,0,False,False,Monday,0
0,0,False,False,Wednesday,0
3,0,False,False,Tuesday,0
0,0,False,True,Monday,0
3,0,False,False,Friday,0
3,0,False,False,Thursday,0
3,0,False,False,Wednesday,0
3,0,False,False,Monday,0
3,0,False,False,Friday,0
0,0,False,False,Monday,0
0,0,False,False,Thursday,0
0,0,False,False,Monday,0
3,0,False,True,Friday,0
0,0,False,False,Wednesday,26
0,0,False,False,Tuesday,0
3,0,True,False,Monday,0
3,0,False,True,Friday,0
0,0,False,True,Friday,0
0,0,False,False,Thursday,0
0,0,False,False,Wednesday,147
3,0,True,False,Monday,0
0,0,False,False,Friday,63
3,0,False,False,Thursday,0
3,0,False,False,Wednesday,0
0,0,False,True,Tuesday,0
0,0,False,False,Monday,108
0,0,False,False,Friday,0
3,0,True,False,Thursday,0
3,0,False,False,Wednesday,0
3,0,False,False,Tuesday,0
3,0,False,False,Friday,0
3,0,False,False,Thursday,0
3,0,True,False,Wednesday,0
3,0,False,False,Tuesday,36
3,0,False,False,Monday,0
3,0,False,False,Friday,105
3,0,False,True,Thursday,0
3,0,False,False,Wednesday,0
3,0,False,True,Tuesday,0
3,0,False,True,Monday,0
3,0,False,False,Wednesday,0
0,0,False,False,Tuesday,0
3,0,False,False,Friday,0
3,0,False,False,Thursday,0
3,0,False,False,Wednesday,0
3,0,False,False,Tuesday,0
3,0,False,True,Monday,0
3,0,False,False,Friday,0
3,0,False,False,Thursday,0
3,0,False,False,Wednesday,93
0,0,False,False,Tuesday,0
3,0,False,False,Monday,0
3,0,True,False,Friday,338
3,0,False,False,Thursday,485
3,0,False,False,Wednesday,0
0,0,False,False,Monday,124
0,0,False,False,Friday,302
0,0,False,False,Thursday,0
3,0,False,False,Wednesday,0
3,0,False,False,Tuesday,0
0,0,False,False,Monday,0
3,0,False,False,Friday,0
3,0,False,False,Thursday,0
3,0,False,False,Wednesday,0
3,0,False,False,Friday,0
3,0,False,False,Thursday,0
3,0,False,False,Wednesday,0
3,0,False,False,Tuesday,0
3,0,False,False,Friday,0
3,0,False,False,Thursday,0
4,0,False,False,Wednesday,0
0,0,False,False,Wednesday,0
0,0,False,True,Tuesday,0
1,0,False,False,Friday,50
4,0,False,False,Thursday,0
0,0,False,False,Wednesday,104
1,0,False,False,Tuesday,0
1,0,False,False,Monday,130
0,0,False,False,Thursday,0
0,0,False,False,Wednesday,36
1,1,False,False,Tuesday,12
0,0,False,True,Monday,0
0,0,False,False,Friday,0
0,0,False,True,Thursday,0
0,0,False,True,Wednesday,0
0,0,False,False,Tuesday,0
1,0,False,False,Monday,112
1,0,False,False,Friday,48
0,0,False,False,Thursday,0
0,0,False,False,Wednesday,0
0,0,False,False,Monday,36
0,0,False,False,Thursday,92
0,0,False,True,Wednesday,0
0,0,False,False,Tuesday,61
0,0,False,False,Wednesday,36
1,0,False,False,Tuesday,0
0,0,True,True,Friday,0
1,0,False,False,Wednesday,176
0,0,False,False,Tuesday,0
1,0,False,False,Monday,0
0,0,False,False,Friday,0
0,0,False,False,Thursday,0
0,0,False,True,Wednesday,0
1,0,False,False,Monday,0
1,0,False,False,Friday,0
1,0,False,False,Thursday,0
0,0,False,True,Wednesday,0
1,0,False,False,Tuesday,58
1,0,False,False,Monday,0
1,0,True,False,Wednesday,0
1,0,False,False,Tuesday,85
0,0,False,True,Monday,0
1,0,False,False,Friday,0
0,0,False,False,Thursday,0
1,0,False,False,Wednesday,0
0,0,False,False,Wednesday,0
1,0,False,False,Wednesday,0
0,0,False,True,Wednesday,0
0,0,False,False,Wednesday,0
0,0,False,False,Wednesday,0
0,0,True,False,Wednesday,0
1,0,False,True,Wednesday,0
1,0,False,True,Wednesday,0
1,0,False,False,Wednesday,0
1,0,False,False,Wednesday,0
1,0,False,False,Wednesday,0
1,0,False,False,Wednesday,109
5,0,False,False,Wednesday,200
5,0,False,False,Wednesday,0
0,0,False,False,Wednesday,0
5,0,True,False,Wednesday,0
5,0,False,False,Wednesday,0
5,0,False,False,Wednesday,0
0,0,False,True,Wednesday,0
1,0,False,True,Wednesday,0
0,0,False,True,Wednesday,0
5,0,True,False,Wednesday,0
5,0,True,False,Wednesday,0
0,0,False,False,Wednesday,0
0,0,False,False,Wednesday,0
5,0,False,False,Wednesday,0
5,0,False,False,Wednesday,0
5,0,False,False,Wednesday,0
0,0,False,False,Wednesday,0
1,0,False,False,Wednesday,0
1,0,False,False,Wednesday,0
1,0,False,False,Wednesday,0
0,0,False,True,Wednesday,0
1,0,False,True,Wednesday,0
1,0,False,True,Wednesday,0
5,0,False,False,Wednesday,0
0,0,False,False,Wednesday,0
5,0,True,False,Wednesday,26
5,0,False,False,Wednesday,0
5,0,False,False,Wednesday,29
5,0,False,False,Wednesday,0
5,0,False,False,Wednesday,0
5,0,True,False,Wednesday,0
1,0,False,True,Wednesday,0
1,0,False,False,Wednesday,90
0,0,False,False,Wednesday,0
0,0,False,False,Wednesday,0
1,0,False,False,Wednesday,0
1,0,False,False,Wednesday,0
5,0,True,False,Wednesday,0
1,0,False,False,Wednesday,72
1,0,False,False,Wednesday,29
5,0,False,False,Wednesday,0
6,0,False,False,Wednesday,0
1,0,False,False,Wednesday,0
1,0,False,False,Wednesday,632
5,0,False,False,Wednesday,0
1,0,False,False,Wednesday,0
5,0,False,False,Wednesday,0
5,0,True,False,Wednesday,0
5,0,False,False,Wednesday,35
0,0,False,False,Wednesday,0
1,0,False,False,Wednesday,0
0,0,False,False,Wednesday,0
5,0,True,False,Wednesday,0
0,0,False,False,Wednesday,0
1,0,False,False,Wednesday,0
1,0,False,False,Wednesday,0
1,0,False,False,Wednesday,96
5,0,False,False,Wednesday,90
5,0,False,False,Wednesday,0
1,0,False,True,Wednesday,0
1,0,False,True,Wednesday,0
1,0,False,False,Wednesday,13
0,0,False,False,Wednesday,0
7,0,False,False,Wednesday,0
5,0,False,True,Wednesday,0
1,0,False,True,Wednesday,0
1,0,False,False,Wednesday,0
1,0,False,False,Wednesday,0
1,0,False,False,Wednesday,0
1,0,False,False,Wednesday,0
1,0,False,False,Wednesday,0
7,0,False,False,Wednesday,73
1,0,False,True,Wednesday,0
7,0,False,False,Wednesday,125
5,0,True,False,Wednesday,0
5,0,False,False,Wednesday,0
1,0,False,True,Wednesday,0
1,0,False,True,Wednesday,0
1,0,False,False,Wednesday,21
1,0,False,True,Wednesday,0
5,0,False,True,Wednesday,0
7,0,True,False,Wednesday,0
1,1,False,False,Wednesday,10
1,0,False,False,Wednesday,196
0,0,False,False,Wednesday,0
0,0,False,False,Wednesday,0
0,0,False,True,Wednesday,0
5,0,False,False,Wednesday,0
0,0,False,True,Wednesday,0
5,0,False,False,Wednesday,0
0,0,False,False,Wednesday,0
0,0,False,False,Wednesday,0
5,0,False,False,Wednesday,0
5,0,False,False,Wednesday,0
5,0,False,False,Wednesday,0
5,0,False,False,Wednesday,0
0,0,False,False,Wednesday,0
5,0,False,False,Wednesday,0
0,0,False,False,Wednesday,0
1,0,False,False,Wednesday,40
1,0,False,False,Wednesday,0
6,0,False,False,Wednesday,0
7,0,False,False,Wednesday,13
7,0,False,False,Wednesday,0
1,0,False,False,Wednesday,0
1,0,False,False,Wednesday,0
7,0,False,True,Wednesday,0
1,0,False,True,Wednesday,0
1,0,False,True,Wednesday,0
1,0,False,True,Wednesday,0
7,0,False,False,Wednesday,0
5,0,False,True,Wednesday,0
1,0,False,False,Wednesday,80
5,0,False,False,Wednesday,0
7,0,False,False,Wednesday,80
1,0,False,True,Wednesday,0
5,0,False,False,Wednesday,142
6,0,False,True,Wednesday,0
5,0,False,False,Wednesday,0
5,0,True,False,Wednesday,146
1,0,False,True,Wednesday,0
1,0,False,False,Wednesday,37
5,0,False,False,Wednesday,0
5,0,False,False,Wednesday,0
5,0,False,False,Wednesday,0
5,0,False,False,Wednesday,0
0,0,False,False,Wednesday,0
7,0,False,True,Wednesday,0
1,0,False,True,Wednesday,0
0,0,False,False,Wednesday,0
7,0,False,False,Wednesday,0
7,0,False,False,Wednesday,0
7,0,True,False,Wednesday,0
1,0,False,False,Wednesday,0
1,0,False,False,Wednesday,105
5,0,False,False,Wednesday,0
1,0,False,True,Wednesday,0
7,0,False,False,Wednesday,0
1,0,False,False,Wednesday,0
7,0,False,True,Wednesday,0
1,0,False,True,Wednesday,0
7,0,False,True,Wednesday,0
1,0,False,False,Wednesday,162
1,0,False,True,Wednesday,0
6,0,False,False,Wednesday,0
7,0,False,False,Wednesday,84
7,0,False,False,Wednesday,99
6,0,False,False,Wednesday,0
1,1,False,False,Wednesday,10
7,0,False,True,Wednesday,0
1,0,False,False,Wednesday,105
1,1,False,False,Wednesday,10
1,0,False,False,Wednesday,0
7,0,False,True,Wednesday,0
1,0,False,True,Wednesday,0
1,0,False,False,Wednesday,0
1,0,False,True,Wednesday,0
7,0,False,False,Wednesday,82
7,0,True,False,Wednesday,0
1,0,False,False,Wednesday,0
1,0,False,False,Wednesday,0
1,0,False,False,Wednesday,119
6,0,False,False,Wednesday,0
1,0,False,False,Wednesday,0
7,0,False,False,Wednesday,0
1,0,False,False,Wednesday,55
7,0,False,False,Wednesday,0
1,0,False,False,Wednesday,27
1,0,False,False,Wednesday,0
1,0,False,False,Wednesday,47
7,0,False,False,Wednesday,0
7,0,False,True,Wednesday,0
1,0,False,False,Wednesday,0
1,0,False,False,Wednesday,0
1,0,False,True,Wednesday,0
6,0,False,False,Wednesday,0
1,0,False,True,Wednesday,0
1,0,False,False,Wednesday,0
1,0,False,False,Wednesday,0
1,0,False,False,Wednesday,0
7,0,False,True,Wednesday,0
7,0,False,True,Wednesday,0
1,0,False,False,Wednesday,48
7,0,False,False,Wednesday,0
1,0,False,False,Wednesday,0
7,0,False,False,Wednesday,139
1,0,False,False,Wednesday,0
6,0,True,False,Wednesday,0
1,0,False,True,Wednesday,0
6,0,True,False,Wednesday,0
6,0,True,False,Wednesday,0
1,0,False,False,Wednesday,0
1,0,True,False,Wednesday,0
6,0,False,True,Wednesday,0
1,0,False,False,Wednesday,0
1,0,False,True,Wednesday,0
1,0,False,False,Wednesday,0
6,0,True,False,Wednesday,0
1,0,False,True,Wednesday,0
6,0,False,True,Wednesday,0
1,0,False,True,Wednesday,0
1,0,False,False,Wednesday,0
1,0,False,True,Wednesday,0
6,0,False,False,Wednesday,0
6,0,False,False,Wednesday,0
6,0,False,False,Wednesday,0
6,0,False,True,Wednesday,0
1,0,False,False,Wednesday,0
6,0,False,False,Wednesday,0
6,0,False,False,Wednesday,0
1,0,False,False,Wednesday,0
6,0,False,False,Wednesday,0
1,0,False,False,Wednesday,52
1,0,False,False,Wednesday,51
1,0,False,False,Wednesday,0
1,1,False,False,Wednesday,11
1,0,False,False,Wednesday,0
1,0,False,False,Wednesday,20
1,0,False,False,Wednesday,87
1,0,False,False,Wednesday,0
1,0,False,False,Wednesday,0
8,2,False,True,Monday,0
8,2,True,False,Wednesday,0
8,2,True,False,Tuesday,0
8,2,True,False,Friday,0
8,2,False,False,Wednesday,0
8,2,False,False,Monday,0
8,2,False,False,Thursday,0
8,2,False,False,Thursday,0
8,2,True,False,Monday,0
8,2,True,False,Thursday,0
8,2,False,True,Tuesday,0
9,2,True,False,Monday,0
10,2,False,False,Saturday,0
8,2,True,False,Thursday,0
8,2,True,False,Monday,0
10,2,False,False,Friday,0
8,2,True,False,Wednesday,0
8,2,True,False,Tuesday,0
8,2,False,False,Tuesday,0
8,2,False,False,Sunday,0
8,2,False,False,Friday,24
8,2,True,False,Friday,0
8,2,True,False,Thursday,0
9,2,True,False,Tuesday,26
8,2,False,True,Monday,0
9,2,True,False,Thursday,0
8,2,True,False,Monday,0
8,2,True,False,Wednesday,0
8,2,True,False,Wednesday,0
10,2,False,False,Friday,0
9,2,True,False,Thursday,24
9,2,False,True,Thursday,0
8,2,False,False,Monday,0
8,2,False,True,Friday,0
9,2,True,False,Thursday,0
10,2,False,False,Tuesday,0
9,2,False,False,Friday,0
9,2,False,False,Friday,0
9,2,False,False,Tuesday,0
9,2,False,False,Friday,0
9,2,True,False,Wednesday,0
8,2,False,True,Monday,0
1,2,False,False,Thursday,0
9,2,True,False,Thursday,26
9,2,False,False,Thursday,0
9,2,True,False,Thursday,0
9,2,False,False,Tuesday,0
8,2,False,True,Tuesday,0
9,2,True,False,Friday,0
9,2,False,False,Wednesday,0
9,2,True,False,Tuesday,0
8,2,True,False,Tuesday,0
9,2,True,False,Monday,0
9,2,False,True,Monday,0
9,2,True,False,Monday,0
9,2,False,False,Tuesday,0
8,2,True,False,Monday,31
8,2,True,False,Sunday,0
9,2,False,False,Thursday,0
8,2,True,False,Friday,0
8,2,True,False,Thursday,0
8,2,True,False,Wednesday,0
8,2,True,False,Tuesday,0
8,2,False,True,Monday,0
8,2,False,True,Thursday,0
8,2,False,True,Wednesday,0
8,2,False,True,Tuesday,0
8,2,False,True,Sunday,0
8,2,False,True,Thursday,0
8,2,False,True,Thursday,0
8,2,False,True,Monday,0
9,2,False,False,Tuesday,34
8,2,False,True,Friday,0
10,2,False,True,Thursday,0
8,2,False,True,Thursday,0
8,2,False,True,Monday,0
10,2,False,False,Friday,28
8,2,False,True,Friday,0
8,2,False,True,Friday,0
8,2,False,True,Tuesday,0
8,2,False,True,Monday,0
10,2,False,False,Friday,28
10,2,False,False,Thursday,0
10,2,False,False,Thursday,28
8,2,False,True,Tuesday,0
8,2,False,False,Tuesday,28
8,2,False,True,Monday,0
8,2,False,True,Friday,0
8,2,False,True,Tuesday,0
10,2,False,True,Wednesday,0
10,2,False,False,Wednesday,28
8,2,False,True,Wednesday,0
8,2,False,True,Wednesday,0
8,2,False,True,Wednesday,0
8,2,False,True,Wednesday,0
10,2,False,False,Wednesday,0
10,2,False,False,Wednesday,0
10,2,False,False,Wednesday,28
8,2,True,False,Wednesday,0
10,2,False,False,Wednesday,31
8,2,False,True,Wednesday,0
8,2,False,True,Wednesday,0
8,2,False,True,Wednesday,0
8,2,False,True,Wednesday,0
10,2,False,False,Wednesday,0
10,2,False,False,Wednesday,0
10,2,False,False,Wednesday,28
10,2,False,False,Wednesday,0
8,2,True,False,Wednesday,28
8,2,True,False,Wednesday,31
8,2,True,False,Wednesday,28
8,2,False,True,Wednesday,0
8,2,False,True,Wednesday,0
1,2,False,True,Wednesday,0
1,2,False,True,Wednesday,0
8,2,True,False,Wednesday,28
8,2,True,False,Wednesday,28
8,2,True,False,Wednesday,28
8,2,True,False,Wednesday,28
8,2,True,False,Wednesday,28
8,2,True,False,Wednesday,0
8,2,False,True,Wednesday,0
8,2,True,False,Wednesday,28
8,2,True,False,Wednesday,28
8,2,True,False,Wednesday,28
8,2,True,False,Wednesday,35
8,2,True,False,Wednesday,28
8,2,True,False,Wednesday,28
8,2,False,True,Wednesday,0
8,2,False,True,Wednesday,0
8,2,False,True,Wednesday,0
4,2,False,True,Wednesday,0
4,2,False,True,Wednesday,0
4,2,False,True,Wednesday,0
4,2,False,True,Wednesday,0
4,2,False,True,Wednesday,0
4,2,False,True,Wednesday,0
4,2,False,True,Wednesday,0
8,2,True,False,Wednesday,35
4,2,False,True,Wednesday,0
8,2,True,False,Wednesday,0
8,2,True,False,Wednesday,0
8,2,True,False,Wednesday,35
8,2,True,False,Wednesday,35
8,2,True,False,Wednesday,0
8,2,True,False,Wednesday,0
4,2,False,True,Wednesday,0
4,2,False,True,Wednesday,0
8,2,False,False,Wednesday,0
4,2,False,False,Wednesday,0
4,2,False,True,Wednesday,0
4,2,False,False,Wednesday,0
4,2,False,False,Wednesday,0
4,2,False,False,Wednesday,0
4,2,False,False,Wednesday,0
4,2,False,True,Wednesday,0
4,2,False,True,Wednesday,0
4,2,False,True,Wednesday,0
4,2,False,True,Wednesday,0
4,2,False,True,Wednesday,0
4,2,False,True,Wednesday,0
4,2,False,True,Wednesday,0
4,2,False,True,Wednesday,0
1,2,False,True,Wednesday,0
1,2,False,True,Wednesday,0
4,2,False,True,Wednesday,0
1,2,False,True,Wednesday,0
4,2,False,True,Wednesday,0
4,2,False,True,Wednesday,0
4,2,False,False,Wednesday,0
1,2,False,True,Wednesday,0
1,2,False,True,Wednesday,0
10,2,False,False,Wednesday,69
10,2,False,False,Wednesday,0
1,2,False,True,Wednesday,0
8,2,False,False,Wednesday,0
1,2,False,False,Wednesday,191
1,2,False,True,Wednesday,0
4,2,False,True,Wednesday,0
8,2,False,True,Wednesday,0
1,2,False,True,Wednesday,0
8,2,False,True,Wednesday,0
8,2,False,False,Wednesday,0
4,2,False,False,Wednesday,0
8,2,False,True,Wednesday,0
4,2,False,True,Wednesday,0
4,2,False,False,Wednesday,0
4,2,False,True,Wednesday,0
8,2,False,False,Wednesday,37
8,2,False,False,Wednesday,0
8,2,False,False,Wednesday,0
1,2,False,False,Wednesday,0
1,2,False,False,Wednesday,0
1,2,False,True,Wednesday,0
8,2,False,True,Wednesday,0
4,2,False,True,Wednesday,0
10,2,False,False,Wednesday,148
1,2,False,False,Wednesday,34
8,2,False,True,Wednesday,0
1,2,False,False,Wednesday,34
10,2,False,True,Wednesday,0
4,2,False,False,Wednesday,0
4,2,False,True,Wednesday,0
10,2,False,True,Wednesday,0
8,2,True,False,Wednesday,0
8,2,False,False,Wednesday,0
4,2,False,True,Wednesday,0
8,2,False,False,Wednesday,0
10,2,False,False,Wednesday,0
4,2,False,True,Wednesday,0
4,2,False,False,Wednesday,0
11,2,False,False,Wednesday,0
11,2,False,False,Wednesday,0
11,2,False,False,Wednesday,0
11,2,False,True,Wednesday,0
4,2,False,False,Wednesday,0
4,2,False,False,Wednesday,0
4,2,False,False,Wednesday,0
4,2,False,False,Wednesday,10
4,2,False,False,Wednesday,0
4,2,False,False,Wednesday,0
12,2,False,True,Wednesday,0
4,2,False,False,Wednesday,0
12,2,False,True,Wednesday,0
12,2,False,True,Wednesday,0
13,2,False,False,Wednesday,0
4,2,False,True,Wednesday,0
13,2,False,False,Wednesday,0
13,2,False,True,Wednesday,0
4,2,False,False,Wednesday,13
13,2,False,False,Wednesday,0
4,2,False,False,Wednesday,0
4,2,False,False,Wednesday,0
4,2,False,True,Wednesday,0
4,2,False,False,Wednesday,0
4,2,False,False,Wednesday,0
13,2,False,True,Wednesday,0
6,2,True,False,Wednesday,406
4,2,True,False,Wednesday,195
13,2,False,True,Wednesday,0
13,2,False,False,Wednesday,183
4,2,False,False,Wednesday,19
4,2,False,False,Wednesday,43
4,2,False,False,Wednesday,0
13,2,False,False,Wednesday,107
13,2,False,False,Wednesday,0
13,2,False,False,Wednesday,0
6,2,False,True,Wednesday,0
13,2,False,False,Wednesday,31
13,2,False,True,Wednesday,0
13,2,False,True,Wednesday,0
4,2,False,False,Wednesday,0
13,2,False,False,Wednesday,0
4,2,False,False,Wednesday,0
12,2,False,False,Wednesday,0
13,2,False,True,Wednesday,0
4,2,False,True,Wednesday,0
13,2,False,True,Wednesday,0
13,2,False,True,Wednesday,0
13,2,False,False,Wednesday,31
4,2,False,False,Wednesday,44
13,2,False,True,Wednesday,0
13,2,False,True,Wednesday,0
13,2,False,True,Wednesday,0
4,2,False,False,Wednesday,31
12,2,False,False,Wednesday,0
12,2,False,True,Wednesday,0
4,2,False,True,Wednesday,0
4,2,False,False,Wednesday,35
12,2,True,True,Wednesday,0
4,2,False,True,Wednesday,0
13,2,False,True,Wednesday,0
4,2,False,True,Wednesday,0
12,2,False,False,Wednesday,0
12,2,False,False,Wednesday,0
4,2,False,False,Wednesday,80
12,2,False,False,Wednesday,44
13,2,False,False,Wednesday,0
12,2,True,False,Wednesday,0
13,2,False,False,Wednesday,103
12,2,True,False,Wednesday,12
4,2,False,False,Wednesday,0
13,2,False,True,Wednesday,0
6,2,False,False,Wednesday,27
4,2,False,True,Wednesday,0
4,2,False,False,Wednesday,0
4,2,False,False,Wednesday,0
4,2,False,False,Wednesday,0
4,2,False,False,Wednesday,27
13,2,False,False,Wednesday,44
13,2,False,False,Wednesday,166
4,2,False,True,Wednesday,0
4,2,False,False,Wednesday,85
13,2,False,False,Wednesday,0
13,2,False,True,Wednesday,0
12,2,False,False,Wednesday,0
13,2,False,False,Wednesday,0
12,2,False,True,Wednesday,0
13,2,False,True,Wednesday,0
13,2,False,False,Wednesday,0
12,2,False,False,Wednesday,101
13,2,False,False,Wednesday,0
13,2,False,False,Wednesday,0
4,2,False,False,Wednesday,0
13,2,False,True,Wednesday,0
13,2,False,True,Wednesday,0
13,2,False,False,Wednesday,7
13,2,False,False,Wednesday,0
12,2,False,False,Wednesday,0
13,2,False,False,Wednesday,0
13,2,False,True,Wednesday,0
4,2,False,True,Wednesday,0
13,2,False,False,Wednesday,0
12,2,True,False,Wednesday,0
13,2,False,False,Wednesday,44
13,2,False,False,Wednesday,0
6,2,True,False,Wednesday,0
12,2,False,False,Wednesday,44
4,2,False,False,Wednesday,0
13,2,False,False,Wednesday,0
6,2,False,True,Wednesday,0
12,2,False,False,Wednesday,0
12,2,False,False,Wednesday,0
4,2,False,False,Wednesday,0
13,2,False,False,Wednesday,0
13,2,False,True,Wednesday,0
6,2,False,False,Wednesday,0
12,2,False,True,Wednesday,0
4,2,False,False,Wednesday,0
13,2,False,False,Wednesday,0
12,2,False,True,Wednesday,0
4,2,False,False,Wednesday,106
12,2,False,False,Wednesday,0
12,2,False,False,Wednesday,0
4,2,False,False,Wednesday,0
13,2,False,True,Wednesday,0
13,2,False,False,Wednesday,0
13,2,False,False,Wednesday,0
13,2,False,False,Wednesday,91
12,2,False,False,Wednesday,0
13,2,False,False,Wednesday,0
4,2,False,True,Wednesday,0
13,2,False,False,Wednesday,0
4,2,False,True,Wednesday,0
12,2,False,False,Wednesday,0
12,2,False,False,Wednesday,0
12,2,False,False,Wednesday,0
12,2,True,False,Wednesday,0
13,2,False,False,Wednesday,0
12,2,False,False,Wednesday,0
6,2,True,False,Wednesday,0
13,2,False,False,Wednesday,0
6,2,False,True,Wednesday,0
13,2,False,False,Wednesday,0
12,2,False,False,Wednesday,0
12,2,False,False,Wednesday,0
13,2,False,False,Wednesday,0
12,2,False,False,Wednesday,0
12,2,False,True,Wednesday,0
12,2,False,False,Wednesday,0
6,2,False,True,Wednesday,0
6,2,False,False,Wednesday,113
6,2,False,True,Wednesday,0
13,2,False,False,Wednesday,114
6,2,True,False,Wednesday,0
13,2,False,False,Wednesday,0
12,2,False,False,Wednesday,209
6,2,False,True,Wednesday,0
6,2,False,True,Wednesday,0
12,2,False,False,Wednesday,1
12,2,False,False,Wednesday,0
13,2,False,False,Wednesday,0
13,2,False,True,Wednesday,0
12,2,False,False,Wednesday,0
13,2,False,False,Wednesday,0
12,2,False,False,Wednesday,0
12,2,False,False,Wednesday,0
12,2,False,False,Wednesday,16
6,2,False,False,Wednesday,218
13,2,False,True,Wednesday,0
12,2,False,False,Wednesday,66
12,2,False,False,Wednesday,0
12,2,False,False,Wednesday,0
13,2,False,False,Wednesday,0
6,2,False,False,Wednesday,0
6,2,False,False,Wednesday,0
12,2,False,True,Wednesday,0
6,2,False,False,Wednesday,0
12,2,False,False,Wednesday,80
12,2,False,False,Wednesday,0
12,2,False,False,Wednesday,0
13,2,False,True,Wednesday,0
13,2,False,False,Wednesday,0
12,2,False,False,Wednesday,100
13,2,False,False,Wednesday,0
13,2,False,False,Wednesday,0
13,2,False,False,Wednesday,0
12,2,False,False,Wednesday,0
12,2,False,False,Wednesday,17
13,2,True,False,Wednesday,125
4,2,False,False,Wednesday,172
13,2,True,False,Wednesday,54
6,2,False,False,Wednesday,0
13,2,True,False,Wednesday,0
4,2,False,True,Wednesday,0
4,2,False,False,Wednesday,0
12,2,False,False,Wednesday,0
13,2,False,True,Wednesday,0
12,2,False,False,Wednesday,0
12,2,False,False,Wednesday,0
13,2,False,True,Wednesday,0
6,2,False,False,Wednesday,44
13,2,True,False,Wednesday,0
6,2,False,False,Wednesday,0
13,2,False,True,Wednesday,0
13,2,False,True,Wednesday,0
13,2,False,False,Wednesday,0
4,2,False,True,Wednesday,0
6,2,False,True,Wednesday,0
12,2,False,False,Wednesday,0
13,2,False,True,Wednesday,0
6,2,False,False,Wednesday,0
12,2,False,False,Wednesday,0
13,2,False,False,Wednesday,0
13,2,False,True,Wednesday,0
13,2,False,True,Wednesday,0
12,2,False,False,Wednesday,0
13,2,False,True,Wednesday,0
12,2,False,False,Wednesday,0
13,2,False,False,Wednesday,90
13,2,False,False,Wednesday,0
13,2,False,False,Wednesday,65
13,2,False,False,Wednesday,0
13,2,False,False,Wednesday,0
12,2,False,False,Wednesday,0
12,2,False,False,Wednesday,0
12,2,False,False,Wednesday,0
12,2,False,False,Wednesday,64
13,2,False,False,Wednesday,0
12,2,False,False,Wednesday,0
12,2,False,False,Wednesday,0
6,2,False,True,Wednesday,0
12,2,False,False,Wednesday,121
12,2,False,False,Wednesday,0
6,2,False,False,Wednesday,0
6,2,False,False,Wednesday,0
6,2,False,False,Wednesday,0
13,2,False,True,Wednesday,0
6,2,True,False,Wednesday,136
14,2,False,True,Wednesday,0
12,2,False,False,Wednesday,0
6,2,True,False,Wednesday,0
6,2,True,False,Wednesday,0
13,2,False,False,Wednesday,105
12,2,False,False,Wednesday,0
13,2,False,False,Wednesday,0
12,2,False,False,Wednesday,0
13,2,False,False,Wednesday,0
6,2,False,True,Wednesday,0
12,2,False,False,Wednesday,0
6,2,False,True,Wednesday,0
12,2,False,False,Wednesday,0
12,2,True,False,Wednesday,0
12,2,False,False,Wednesday,0
12,2,False,False,Wednesday,0
12,2,False,False,Wednesday,0
10,3,False,False,Monday,0
10,3,False,False,Wednesday,0
10,3,True,False,Wednesday,6
10,3,False,False,Wednesday,0
10,3,False,False,Friday,0
10,3,False,False,Thursday,0
9,3,False,True,Monday,0
9,3,True,False,Monday,0
10,3,False,True,Thursday,0
9,3,False,False,Thursday,0
9,3,True,False,Tuesday,0
9,3,True,False,Tuesday,0
9,3,False,False,Thursday,0
9,3,True,False,Thursday,0
10,3,False,False,Monday,0
9,3,True,False,Monday,0
9,3,False,False,Thursday,0
9,3,False,False,Wednesday,0
9,3,False,False,Monday,0
10,3,False,True,Thursday,0
10,3,False,True,Thursday,0
10,3,False,False,Friday,0
10,3,False,False,Friday,0
10,3,False,False,Friday,0
10,3,False,False,Friday,0
10,3,False,False,Friday,0
10,3,False,False,Wednesday,0
10,3,True,False,Tuesday,0
10,3,False,False,Monday,0
10,3,False,False,Monday,46
10,3,False,False,Monday,0
10,3,False,False,Monday,0
10,3,False,False,Thursday,0
10,3,False,False,Wednesday,0
10,3,False,False,Wednesday,0
10,3,False,False,Friday,0
10,3,False,False,Friday,0
10,3,False,False,Wednesday,0
10,3,False,False,Wednesday,103
10,3,False,False,Wednesday,0
10,3,False,False,Tuesday,50
10,3,False,False,Tuesday,0
10,3,False,False,Tuesday,0
10,3,False,False,Saturday,0
10,3,False,False,Saturday,0
10,3,False,False,Thursday,0
10,3,False,False,Tuesday,0
10,3,False,False,Monday,0
10,3,False,False,Saturday,277
10,3,False,False,Wednesday,0
1,3,False,False,Tuesday,0
10,3,False,False,Friday,0
10,3,False,False,Tuesday,0
10,3,False,False,Wednesday,790
10,3,False,False,Tuesday,0
10,3,False,True,Monday,0
10,3,False,False,Thursday,0
10,3,False,False,Thursday,0
10,3,False,False,Monday,0
10,3,False,False,Tuesday,59
10,3,False,False,Wednesday,0
10,3,False,False,Tuesday,0
10,3,False,False,Friday,235
10,3,False,False,Monday,0
10,3,False,False,Friday,0
10,3,False,False,Wednesday,0
10,3,False,False,Monday,206
10,3,False,False,Friday,0
10,3,False,False,Tuesday,0
10,3,False,False,Wednesday,0
10,3,False,False,Tuesday,0
10,3,False,False,Monday,0
10,3,False,False,Wednesday,0
10,3,False,False,Tuesday,0
10,3,False,False,Monday,0
10,3,False,False,Friday,0
10,3,False,False,Thursday,0
10,3,False,True,Wednesday,0
10,3,False,True,Wednesday,0
10,3,False,False,Tuesday,0
10,3,True,False,Monday,108
10,3,False,False,Friday,0
10,3,False,False,Wednesday,0
10,3,False,False,Tuesday,0
10,3,False,False,Monday,0
10,3,False,False,Friday,0
10,3,False,False,Thursday,117
10,3,False,False,Wednesday,0
10,3,False,False,Tuesday,0
10,3,False,False,Monday,0
12,3,False,False,Friday,0
10,3,False,False,Friday,0
10,3,False,False,Thursday,0
10,3,False,False,Tuesday,0
10,3,False,False,Friday,0
10,3,False,False,Thursday,114
10,3,False,True,Monday,0
10,3,False,False,Friday,76
10,3,False,False,Thursday,0
12,3,False,False,Wednesday,0
10,3,False,True,Tuesday,0
10,3,False,False,Monday,0
10,3,False,False,Friday,0
12,3,False,True,Thursday,0
10,3,False,False,Wednesday,0
10,3,False,True,Tuesday,0
12,3,False,False,Monday,6
12,3,False,False,Friday,0
10,3,False,False,Thursday,174
4,3,False,False,Tuesday,0
10,3,False,True,Friday,0
10,3,False,False,Thursday,111
4,3,False,False,Tuesday,0
13,3,False,False,Thursday,0
13,3,False,False,Wednesday,0
13,3,False,False,Friday,0
13,3,False,False,Thursday,0
13,3,False,True,Wednesday,0
12,3,False,False,Thursday,0
12,3,False,False,Thursday,0
12,3,False,False,Wednesday,0
12,3,False,False,Thursday,0
12,3,False,False,Thursday,148
1,3,False,False,Monday,23
1,3,False,False,Friday,18
1,3,False,False,Wednesday,0
1,3,False,False,Tuesday,0
1,4,False,False,Tuesday,0
1,4,True,False,Monday,0
1,4,False,False,Thursday,0
1,4,False,False,Wednesday,0
1,4,False,False,Monday,0
3,4,False,False,Monday,0
1,4,False,False,Monday,0
3,4,False,True,Monday,0
3,4,False,False,Monday,0
3,4,True,False,Monday,0
3,4,False,False,Tuesday,0
3,4,False,False,Monday,0
3,4,False,False,Monday,0
3,4,False,True,Monday,0
1,4,False,False,Wednesday,0
1,4,False,False,Tuesday,0
3,4,False,False,Monday,0
3,4,False,True,Thursday,0
15,4,False,False,Tuesday,0
3,4,False,True,Monday,0
15,4,False,False,Thursday,0
15,4,False,False,Thursday,0
15,4,False,False,Friday,0
15,4,False,False,Friday,0
15,4,False,False,Friday,0
15,4,False,False,Tuesday,0
15,4,False,False,Monday,0
15,4,False,False,Friday,0
15,4,False,False,Thursday,0
15,4,False,False,Wednesday,0
1,4,False,False,Tuesday,0
15,4,False,False,Monday,126
1,4,False,False,Friday,0
1,4,False,False,Thursday,0
15,4,False,False,Thursday,0
15,4,False,False,Thursday,0
15,4,False,False,Monday,0
15,4,False,False,Monday,0
15,4,False,False,Monday,0
15,4,False,False,Monday,0
1,4,False,False,Monday,0
15,4,False,False,Friday,0
15,4,False,False,Thursday,0
1,4,False,True,Friday,0
15,4,False,False,Wednesday,0
15,4,False,False,Tuesday,0
1,4,False,False,Tuesday,0
1,4,False,False,Thursday,0
15,4,False,False,Tuesday,0
1,4,False,False,Tuesday,0
10,4,False,True,Wednesday,0
1,4,False,False,Tuesday,0
10,4,False,False,Tuesday,0
10,4,False,False,Tuesday,0
1,4,False,False,Friday,0
1,4,False,False,Friday,0
1,4,False,False,Wednesday,0
1,4,False,False,Tuesday,0
15,4,True,False,Tuesday,0
15,4,False,False,Monday,0
1,4,False,False,Monday,0
15,4,False,False,Monday,0
1,4,False,False,Monday,0
10,4,False,False,Wednesday,0
10,4,False,False,Tuesday,0
10,4,False,False,Monday,0
10,4,False,False,Friday,0
10,4,False,False,Friday,0
15,4,False,False,Wednesday,0
15,4,False,False,Tuesday,0
10,4,True,False,Tuesday,0
1,4,False,False,Tuesday,0
10,4,False,True,Friday,0
15,4,False,False,Thursday,107
10,4,False,False,Wednesday,0
10,4,False,False,Tuesday,0
1,4,False,False,Monday,0
1,4,False,True,Friday,0
1,4,False,False,Friday,0
15,4,False,False,Friday,0
15,4,False,False,Wednesday,0
1,4,False,False,Tuesday,0
15,4,False,False,Tuesday,0
15,4,False,False,Friday,0
1,4,False,False,Monday,0
1,4,False,False,Friday,0
1,4,False,False,Tuesday,0
1,4,False,False,Tuesday,40
15,4,False,False,Friday,0
15,4,False,False,Friday,0
15,4,False,False,Friday,0
15,4,False,False,Tuesday,0
1,4,False,False,Thursday,0
1,4,False,False,Wednesday,0
15,4,False,False,Monday,0
1,4,False,False,Friday,0
1,4,False,False,Friday,0
1,4,False,False,Friday,0
1,4,False,False,Friday,0
15,4,False,True,Friday,0
1,4,False,False,Friday,0
1,4,False,False,Friday,0
1,4,False,False,Friday,0
1,4,False,False,Friday,39
1,4,False,False,Friday,0
1,4,False,True,Friday,0
15,4,False,False,Friday,0
1,4,False,False,Friday,0
1,4,False,False,Friday,10
15,4,False,False,Friday,111
15,4,False,False,Friday,0
15,4,False,False,Friday,0
15,4,False,False,Friday,0
1,4,False,False,Friday,0
1,4,False,False,Friday,0
15,4,False,False,Friday,0
15,4,False,False,Friday,0
15,4,False,False,Friday,0
1,4,False,True,Friday,0
15,4,False,False,Friday,0
1,4,False,False,Friday,0
1,4,False,False,Friday,0
1,4,True,False,Friday,0
15,4,False,False,Friday,0
1,4,False,False,Friday,0
15,4,False,False,Friday,0
15,4,False,False,Friday,0
15,4,False,False,Friday,0
15,4,False,False,Friday,0
15,4,False,False,Friday,0
1,4,False,False,Friday,0
15,4,False,False,Friday,109
15,4,False,False,Friday,0
15,4,True,False,Friday,0
15,4,False,False,Friday,0
15,4,False,False,Friday,0
15,4,False,False,Friday,0
15,4,False,False,Friday,0
1,4,False,False,Friday,0
15,4,False,False,Friday,111
15,4,False,False,Friday,0
15,4,False,False,Friday,0
15,4,False,False,Friday,0
15,4,False,False,Friday,0
15,4,False,False,Friday,0
1,4,False,False,Friday,33
1,5,False,False,Friday,0
1,5,False,False,Monday,0
1,5,False,False,Friday,0
1,5,False,False,Monday,0
1,5,False,False,Monday,0
1,5,False,False,Monday,0
1,5,False,False,Monday,0
1,5,False,False,Monday,0
1,5,False,False,Monday,0
15,5,False,False,Monday,0
15,5,False,False,Monday,0
15,5,False,False,Thursday,0
15,5,False,False,Thursday,0
1,5,True,False,Thursday,0
1,5,True,False,Thursday,0
1,5,True,False,Thursday,0
1,5,False,False,Thursday,0
1,5,True,False,Thursday,0
15,5,False,False,Tuesday,0
1,5,False,False,Thursday,0
1,5,False,False,Thursday,0
1,5,False,False,Thursday,0
15,5,False,False,Wednesday,0
1,5,False,False,Wednesday,0
15,5,False,True,Wednesday,0
1,5,False,False,Wednesday,0
1,5,False,False,Thursday,0
1,5,False,True,Thursday,0
1,5,False,False,Monday,0
1,5,False,False,Friday,0
1,5,False,False,Friday,0
1,5,True,False,Friday,0
10,5,False,False,Wednesday,0
1,5,False,False,Wednesday,0
1,5,False,False,Friday,0
1,5,False,True,Thursday,0
15,5,False,False,Friday,0
15,5,False,False,Friday,0
1,5,False,True,Friday,0
15,5,False,False,Monday,0
15,5,False,False,Monday,0
1,5,False,False,Thursday,0
1,5,False,False,Thursday,0
15,5,False,False,Tuesday,0
1,5,False,False,Tuesday,0
1,5,False,False,Tuesday,0
15,5,False,False,Thursday,0
1,5,False,False,Wednesday,0
1,5,False,False,Wednesday,0
1,5,False,False,Monday,31
1,5,False,True,Friday,0
15,5,False,False,Thursday,0
10,5,False,False,Thursday,92
1,5,False,False,Thursday,0
1,5,False,False,Thursday,0
10,5,False,False,Friday,0
10,5,False,False,Monday,0
10,5,False,False,Monday,0
1,5,False,False,Tuesday,0
10,5,False,False,Tuesday,0
1,5,False,False,Thursday,0
10,5,False,False,Thursday,0
1,5,False,False,Thursday,0
10,5,False,False,Thursday,0
10,5,False,False,Thursday,39
10,5,False,False,Thursday,0
10,5,False,False,Thursday,0
10,5,False,False,Thursday,26
10,5,False,False,Wednesday,0
10,5,False,False,Tuesday,0
10,5,False,False,Tuesday,0
10,5,False,False,Friday,0
10,5,False,False,Thursday,0
10,5,True,False,Wednesday,0
10,5,False,False,Tuesday,0
1,5,False,False,Tuesday,0
10,6,True,False,Tuesday,0
10,6,True,False,Tuesday,0
10,6,True,True,Monday,0
10,6,False,False,Friday,0
10,6,True,False,Monday,0
10,6,False,True,Thursday,0
10,6,False,False,Wednesday,0
3,6,False,True,Tuesday,0
3,6,False,True,Monday,0
3,6,False,False,Friday,44
10,6,False,False,Friday,21
10,6,False,False,Thursday,21
10,6,False,False,Wednesday,121
10,6,True,False,Tuesday,0
10,6,True,False,Tuesday,0
10,6,True,False,Tuesday,0
10,6,False,False,Tuesday,0
10,6,False,False,Wednesday,29
10,6,False,False,Monday,0
3,6,False,False,Saturday,0
10,6,True,False,Friday,0
10,6,False,False,Thursday,27
10,6,False,False,Wednesday,0
10,6,False,False,Wednesday,0
16,6,True,True,Wednesday,0
16,6,False,True,Wednesday,0
16,6,False,False,Wednesday,0
16,6,False,False,Wednesday,108
16,6,False,False,Wednesday,0
16,6,False,False,Thursday,0
16,6,False,False,Wednesday,462
10,6,False,False,Wednesday,0
16,6,False,True,Friday,0
16,6,False,False,Wednesday,0
16,6,False,False,Tuesday,116
16,6,False,False,Friday,0
16,6,False,False,Friday,284
16,6,False,False,Friday,193
16,6,False,False,Tuesday,0
16,6,False,True,Tuesday,0
16,6,False,False,Wednesday,0
16,6,False,False,Tuesday,125
16,6,False,False,Monday,0
16,6,False,False,Monday,0
16,6,False,False,Monday,0
16,6,False,False,Monday,100
16,6,False,False,Monday,100
10,6,True,False,Monday,0
16,6,False,True,Friday,0
16,6,False,False,Thursday,0
16,6,False,False,Wednesday,120
16,6,False,False,Tuesday,0
16,6,False,False,Monday,32
16,6,False,False,Monday,0
10,6,False,False,Monday,0
16,6,False,True,Monday,0
16,6,False,False,Monday,0
16,6,False,False,Wednesday,274
16,6,False,False,Tuesday,105
16,6,False,False,Monday,111
16,6,False,False,Friday,118
16,6,False,True,Wednesday,0
16,6,False,False,Wednesday,0
16,6,False,True,Friday,0
16,6,False,False,Friday,147
10,6,False,False,Friday,0
10,6,False,True,Thursday,0
16,6,True,False,Wednesday,198
10,6,False,False,Friday,0
10,6,False,False,Friday,0
10,6,False,False,Friday,0
10,6,False,False,Tuesday,0
1,6,False,False,Saturday,0
1,6,False,False,Friday,0
10,6,False,False,Thursday,0
10,6,False,False,Wednesday,0
10,6,False,False,Wednesday,0
10,6,False,False,Tuesday,0
10,6,False,False,Thursday,0
10,6,False,False,Thursday,0
10,6,False,False,Tuesday,464
10,6,False,False,Tuesday,0
10,6,False,False,Thursday,150
10,6,False,False,Monday,0
10,6,False,False,Friday,679
10,6,False,False,Wednesday,0
10,6,False,False,Tuesday,0
10,6,False,False,Wednesday,0
10,6,False,False,Monday,0
10,6,False,False,Wednesday,0
12,6,False,False,Friday,0
12,6,False,False,Thursday,0
12,6,True,False,Wednesday,0
12,6,True,False,Tuesday,0
12,6,False,False,Monday,0
12,6,True,False,Thursday,38
10,6,False,False,Wednesday,0
10,6,False,False,Tuesday,0
10,6,False,False,Monday,0
10,6,False,False,Friday,0
6,6,False,False,Friday,0
10,6,False,False,Friday,118
10,6,False,False,Friday,0
10,6,False,False,Friday,0
12,6,False,False,Friday,0
6,6,False,True,Friday,0
10,6,False,False,Friday,0
12,6,False,True,Friday,0
10,6,False,True,Friday,0
10,6,False,False,Friday,0
10,6,False,False,Friday,0
10,6,False,True,Friday,0
10,6,False,False,Friday,0
10,6,False,True,Friday,0
10,6,False,True,Friday,0
6,6,False,False,Friday,27
10,6,False,False,Friday,0
10,6,False,False,Friday,0
12,6,False,True,Friday,0
10,6,False,False,Friday,0
6,6,False,True,Friday,0
10,6,False,True,Friday,0
12,6,False,True,Friday,0
6,6,False,True,Friday,0
12,6,False,True,Friday,0
10,6,False,True,Friday,0
10,6,False,False,Friday,0
12,6,False,False,Friday,0
10,6,False,False,Friday,0
10,6,False,False,Friday,0
10,6,False,True,Friday,0
10,6,False,False,Friday,0
10,6,False,False,Friday,0
6,6,False,True,Friday,0
10,6,False,True,Friday,0
10,6,False,False,Friday,0
10,6,False,False,Friday,0
10,6,False,False,Friday,0
10,6,False,True,Friday,0
10,6,False,False,Friday,0
12,6,False,False,Friday,0
12,6,False,True,Friday,0
10,6,False,False,Friday,0
